Time Elapsed (s),tb exploration,tb trajectory,human exploration,human trajectory,merged exploration,human detections,tb3 detections,total detections
47.014306642,20286,0.0,5760,0.055115049117919895,26046,0,0,0
48.013517755,20286,0.0,5760,0.055115049117919895,26046,0,0,0
49.013955385,20286,0.0,5760,0.07991636323790088,26046,0,0,0
50.013653571,20286,0.0,5760,0.7613924910113137,26046,0,0,0
51.017509416,20286,0.0,20989,1.7526048508657401,41275,0,0,0
52.015370551,20286,0.0,20989,2.997615365463667,41275,0,0,0
53.015414677,20286,0.0,35006,4.102082432325423,55292,0,0,0
54.015503964,20286,0.0,35006,4.931550940293377,55292,0,0,0
55.015691646,20286,0.0,43125,6.595654913608229,63411,0,0,0
56.015843827,20286,0.0,43125,7.593648334881795,63411,0,0,0
57.015872279,20286,0.0,43125,8.263000132311372,63411,0,0,0
58.026084019,20286,0.0,46999,9.618906728360507,67260,0,0,0
59.01728399,20286,0.0,46999,10.802337391873722,67260,0,0,0
60.017307834,20286,0.0,46999,11.81092368782369,67260,0,0,0
61.01874479,20286,0.0,52600,13.079857481866354,71874,0,0,0
62.017865631,20286,0.0,52600,14.330510674847583,71874,0,0,0
63.018918878,20286,0.0,62214,15.409485908549389,75909,0,0,0
64.019551423,20286,0.2605623179146303,62214,16.67214826849743,75909,0,1,1
65.021387341,108345,1.4895048342228494,62214,17.917123225047696,138724,0,1,1
66.021610705,108345,1.6837655054563303,71367,18.93566926482715,138948,1,1,2
67.032306927,128100,2.315799411874195,71367,20.257890827814556,152594,1,1,2
68.026191852,146486,3.422982273166816,76765,21.358724500228977,166121,1,1,2
69.034153465,150785,4.528482527544828,76765,22.434611580126074,169655,1,1,2
70.027279041,156132,5.668346993631847,76765,23.252516747602204,174441,1,1,2
71.028719112,157819,6.782191750576947,81771,24.663489784474926,176116,1,1,2
72.028197941,160685,7.83309179338957,81771,25.908462438819505,178955,1,1,2
73.032418129,160685,8.045986942889938,89016,27.402435666953657,179076,1,1,2
74.031247771,162383,8.297335180503701,89016,28.647408321299363,180720,1,1,2
75.029596395,164093,9.533256814258358,96994,29.89238097564559,182210,1,1,2
76.032447153,165414,10.615664834446715,96994,31.13829591840447,183423,1,1,2
77.032700563,166706,11.5881652563463,104830,32.38326653369818,184736,1,1,2
78.034766531,170549,12.666363883583873,104830,33.379250590072665,188680,1,1,2
79.036561529,172932,13.717296520966492,104830,34.873215328422305,190960,1,1,2
80.03667092,177295,14.738123419997846,112379,35.87468074405176,195357,1,1,2
81.036471427,179415,15.754847402334361,112379,37.11965205563463,197477,1,1,2
82.040365716,181505,16.78251363804038,119836,38.61710596045269,200498,1,1,2
83.043682396,186016,17.885434571258912,119836,39.86221616141687,204841,1,1,2
84.04408789,188290,18.899415259312836,127030,40.85819504511961,209201,1,1,2
85.042464486,193058,19.95855159860064,127030,41.937171856551956,214114,1,1,2
86.044213833,195626,21.031351914461663,127030,42.93315453751216,216656,1,1,2
87.045759113,201144,22.13016383426954,134274,44.427120956716294,226401,1,1,2
88.047557058,201144,22.456841263385332,134274,46.00409291360615,226401,1,1,2
89.047916569,204128,23.28013771903578,141255,47.08307353773523,235781,1,1,2
90.052089707,206900,24.382949053450897,141255,48.328046173749264,238549,1,1,2
91.055084824,212470,25.41881701076504,148251,49.822016405650864,251025,1,1,2
92.054558045,215044,26.4327941369777,148251,50.81799527391381,253668,1,1,2
93.054231943,217973,27.530257761730415,148251,52.062967925366884,256520,1,1,2
94.054123151,223551,28.548331029131955,156093,53.30807792761148,270081,1,1,2
95.055554766,226783,29.59512351515029,156093,54.80204449694138,273085,1,1,2
96.062156554,234642,30.6733915039619,170392,56.05076495477778,295219,1,1,2
97.058384711,240314,31.716102137655838,170392,57.4659028650694,301115,1,1,2
98.062959545,254654,32.791641753920906,184464,58.54701995376051,329359,1,1,2
99.064119744,262875,33.85077074492144,184464,59.38008755478664,337637,1,1,2
100.061886347,270323,34.4026391641268,190859,61.195035664648195,345024,1,1,2
101.062970604,270323,34.575702332755355,190859,62.03780998032626,351419,1,1,2
102.063472577,279554,35.755269324092836,190859,63.34955538807207,360650,1,1,2
103.062706618,281905,36.98237178293967,195358,64.19677467172302,367359,1,1,2
104.064637665,284259,38.13041566193652,195358,66.11972466686888,369713,1,1,2
105.066569222,284959,39.294861507470515,202840,67.37044230830445,377971,1,1,2
106.064479764,286044,40.44703161898953,202840,68.6221247500321,379056,1,1,2
107.067246682,287176,41.60740082702429,211351,69.87192039235421,388629,1,1,2
108.067417591,288002,41.96270448757957,211351,71.03470052102332,389455,1,1,2
109.068168824,289278,42.882079975826564,218225,72.36722805980088,390731,1,1,2
110.074434766,290819,43.97470713302929,218225,73.61220243309722,399234,1,1,2
111.069798362,293040,45.05711135285988,218225,74.85851286164771,401455,1,1,2
112.079433018,293793,46.20108296190193,225502,76.10348697102287,409482,1,1,2
113.077838862,295180,47.319058849149066,225502,77.34846108041482,410792,1,1,2
114.073773274,296386,48.42611513410506,225502,77.92945030539003,412080,1,1,2
115.084247494,303571,49.49620566568529,240465,79.59323796074871,434342,1,1,2
116.078225584,311166,50.682623223444224,240465,80.83821264225409,441845,1,1,2
117.080182676,326288,51.83890708317455,257033,82.08318541763703,473612,1,1,2
118.078651973,329910,52.075903816918746,257033,82.91316980940258,477143,1,1,2
119.082829361,333148,52.92562496721343,266344,84.44199989555385,489740,1,1,2
120.081595815,335262,53.93006217383799,266344,85.72576136502133,491891,1,1,2
121.095077052,337230,53.946465223483735,268813,87.52117404036404,496319,1,1,2
122.08594262,339107,55.121356165753596,268813,88.19538299133578,498196,1,1,2
123.095916372,340545,56.22784667203695,269586,88.45925002548779,500051,1,1,2
124.082859758,340660,57.38004369493833,269586,88.57498575791047,500553,1,1,2
125.102265715,340695,58.666349845700694,269586,89.23823857469037,500588,1,1,2
126.08981802,340758,59.90063828761392,272954,90.46875895248519,503994,1,1,2
127.100912049,340760,61.134942718922424,272954,91.71211860999105,504017,1,1,2
128.092843177,340783,62.374709898207406,280250,93.20366013174834,511274,1,1,2
129.092491244,340788,63.54330885587913,280250,94.19828839195623,511287,1,1,2
130.098036679,340799,64.24139127560696,289051,95.4405733532627,520065,1,1,2
131.101019317,340799,64.33240496243846,289051,96.68473848553519,520072,1,1,2
132.096164323,340821,65.45703519564088,296185,98.17870719059168,520072,1,1,2
133.097984898,340893,66.5663475238788,296185,99.42368056269365,527183,1,1,2
134.094034412,340917,67.64052374204266,296185,100.66865629441229,527200,1,1,2
135.102863695,340947,68.72697452309451,303578,101.91362966651985,534619,1,1,2
136.098997631,341003,69.87633266281087,303578,103.32216491342753,534630,1,1,2
137.102137613,341020,70.97922372505698,316538,104.56456232620913,547808,1,1,2
138.104925792,341020,72.08627689199817,316538,105.8069780671905,547816,1,1,2
139.103520134,341020,73.18373219048193,332159,107.30094553468568,563638,1,1,2
140.105830224,341020,74.35096779120529,332159,108.54282250144928,563638,1,1,2
141.10215186,341020,75.4469969489082,343593,109.78103621196426,574844,1,1,2
142.106629114,341020,76.51844623701375,343593,111.00101574362301,574844,1,1,2
143.106746468,341020,77.63097100180481,347169,112.24860255717468,574844,1,1,2
144.109516475,341020,78.73803011472738,347169,113.71970192824644,578421,1,1,2
145.106307252,341363,79.75508617039439,347169,114.73860576742848,578764,1,1,2
146.109176783,341586,80.79168559493908,349100,115.50941578751858,580845,1,1,2
147.107619482,341635,81.84648481546141,349100,115.56470835495774,580932,1,1,2
148.111106724,341701,82.92199490714576,349100,115.62953127974481,581015,1,1,2
149.119357468,341717,83.96334169402785,352741,116.20564512539285,584614,1,1,2
150.117026966,341772,85.0361839134039,352741,117.69564568623518,584685,1,1,2
151.125900281,341796,86.1281646873489,360329,118.69388458654703,592339,2,1,2
152.117442512,341796,86.3400846810013,360329,120.19158867138832,592361,2,1,2
153.131444141,341796,87.26248131224017,369733,121.43670548815928,592361,2,1,2
154.122176748,341801,88.37087609211898,369733,122.76482858531945,601807,2,1,2
155.118822079,341845,89.52989518383731,369733,123.67791653711203,601822,2,1,2
156.132097393,341848,90.67251396184909,377185,125.28712719316738,609388,2,1,2
157.129286667,341871,91.76859938070265,377185,126.87969547874303,609402,2,1,2
158.134127438,341901,92.92217924281606,384262,127.89648983678156,616216,2,1,2
159.133652248,341902,93.0635743837369,384262,128.15595538588119,616217,2,1,2
160.127089951,341902,94.04496640930711,384262,128.3259689964395,616217,2,1,2
161.136571295,341907,95.19156770297744,384262,129.12656216264395,616217,2,1,2
162.131251615,341910,96.42157927114923,386193,130.35797253068017,618155,2,1,2
163.135657559,341913,97.57105595408865,386193,131.76587492534924,618159,2,1,2
164.13942194,341930,98.74377961683818,387221,133.01018558608345,618168,2,1,2
165.128614551,341946,99.93840907940736,387221,133.67222240435927,619220,2,1,2
166.129409055,341956,101.1165952199621,388612,135.74606935163476,619224,2,1,2
167.137767264,341967,102.31803505879431,388612,136.9879497123815,620631,2,1,2
168.138493692,341970,103.36622701070985,390895,138.23306985802782,620632,2,1,2
169.129147688,341973,104.52252574435654,390895,139.2271408272446,622918,2,1,2
170.138677603,341974,105.7458584131654,390895,140.7212800137787,622921,2,1,2
171.132143898,342032,106.89206102959092,394510,141.96639598471245,626538,2,1,2
172.130026719,342033,108.02950703159796,394510,143.37752995398895,626596,2,1,2
173.130833767,342033,109.12415539560116,400348,144.45662983091995,632434,2,1,2
174.129514765,342033,110.2503288199858,400348,145.452724517361,632434,2,1,2
175.133136454,342033,111.39286877579687,406451,146.69784048829405,632434,2,1,2
176.132675596,342033,112.54504275487427,406451,147.7769422695656,638537,2,1,2
177.146012038,342033,113.70000376490363,406451,149.18713215480113,638537,2,1,2
178.133588957,342112,114.80167127562379,412933,150.4322498522086,645019,2,1,2
179.136205234,342116,115.85211104339257,412933,151.92639144383742,645098,2,1,2
180.134313639,342250,116.05288097536884,420164,152.922485203147,652467,2,1,2
181.13236408,342337,116.85026769868755,420164,154.41662488944692,652467,2,1,2
182.141850921,342670,117.95597239159933,431732,155.82775850902254,664455,2,1,2
183.133552983,343732,119.05621124056918,431732,156.9041697714284,664944,2,1,2
184.150611437,344580,120.15508061327698,446049,158.3148999240609,679840,2,1,2
185.132919192,346264,121.21973215076953,446049,159.79905055024886,681396,2,1,2
186.140542464,347827,122.32818785728459,446049,160.7863885645914,682446,2,1,2
187.131561741,351453,123.33946796315925,456362,162.26522554185584,696056,2,1,2
188.145387257,353355,124.51770974517392,456362,163.29639546727125,697905,2,1,2
189.132932417,355559,125.5372067085813,461098,164.93565467589457,706684,2,1,2
190.133775363,358886,126.67849170285952,461098,166.4157360858875,708599,3,1,3
191.134096135,359691,127.69661919002691,468120,167.64668294643283,717908,3,1,3
192.133686208,360351,128.80096646776292,468120,168.72349616377713,718318,3,1,3
193.139724871,360510,129.88068224407795,468120,169.9682102729409,718793,3,1,3
194.135267822,360786,131.0069220707262,482112,170.96012226213412,732898,3,1,3
195.134156499,361028,132.08526837078395,482112,172.1992788454263,733303,3,1,3
196.135210521,361480,133.25940172402574,493378,174.01910252245096,744709,3,1,3
197.144767787,361785,134.4019126092271,493378,175.48343315220436,745326,3,1,3
198.141995381,363709,135.05197167395562,498200,176.5964135350452,750849,3,1,3
199.142041746,365836,135.92877574008926,498200,177.73220328928448,752072,3,1,3
200.136924337,370313,136.15690623665827,508374,179.134250772474,768729,3,1,3
201.142096039,370313,136.15690623665827,508374,180.37397311705286,768729,3,1,3
202.137613752,370313,136.15690623665827,521727,181.4475541972852,768729,3,1,3
203.144375647,370313,136.5025009108872,521727,182.84448268605618,782082,3,1,3
204.138776675,370313,136.5025009108872,521727,184.08892751391963,782082,3,1,3
205.134588516,370313,136.5025009108872,529364,185.08502103698882,789719,3,1,3
206.136737657,370313,136.5025009108872,529364,186.32431893357864,789719,3,1,3
207.135792678,370313,136.5025009108872,530449,186.5808504154656,790804,3,1,3
208.147963723,380187,137.20156722034469,530449,186.7182647543729,790804,3,1,3
209.135236995,380187,137.20156722034469,532920,187.21882251090406,803149,3,1,3
210.141882421,380187,137.22656947376436,532920,188.42565649302043,803149,3,1,3
211.135949604,380187,137.22656947376436,533695,190.0894256056684,803149,3,1,3
212.147209326,380187,137.22656947376436,533695,191.09558116596403,803924,3,1,3
213.135064174,380187,137.22656947376436,533695,192.60634949145958,803924,3,1,3
214.138211459,395158,138.13827419637252,533987,193.8655138628005,804216,3,1,3
215.150672134,404457,139.28775844602748,533987,195.16150793273374,828486,3,1,3
216.140081985,409679,139.57320462353636,534847,196.4158608592858,834568,3,1,3
217.141197404,409679,139.73289946904077,534847,197.8501453180568,834568,3,2,4
218.138849618,412435,140.82362246804166,535205,199.1043734539946,834926,3,2,4
219.143980308,414045,141.205329636707,535205,200.19446289118153,839292,3,2,4
220.137238344,415224,142.0642353543631,535355,201.45572416558696,839292,3,2,4
221.13884719,415939,142.6633883584065,535355,202.46606007832952,841336,3,2,4
222.141869525,416806,143.52563384982733,535355,204.15839468586597,842357,3,2,4
223.148897207,419143,144.565564177493,535597,204.8506359551972,843635,3,2,4
224.144305672,419143,144.565564177493,535597,206.27899324375952,844936,3,2,4
225.148891147,419143,144.565564177493,535707,207.77874745626607,844936,3,2,4
226.141850889,420508,145.33289076213433,535707,209.03202250703427,845046,3,2,4
227.149721162,421894,146.4399917743296,535874,210.28355533482218,847797,3,2,4
228.139950046,424626,147.58912868762226,535874,211.5330985537831,849476,3,2,4
229.142795097,427086,148.74821061110373,535874,212.7782159315312,851882,3,2,4
230.141052654,428283,149.92501640208752,536550,214.18934847581863,853832,3,2,4
231.139410665,429638,150.54653031491932,536550,215.43446571141487,856384,3,2,4
232.140502165,431056,151.33923409824473,537161,216.6795829943949,856995,3,2,4
233.150452462,432387,152.35972775698716,537161,218.17372414198226,858413,3,2,4
234.138760489,433834,153.4118770948838,537397,219.16981756035386,861191,3,2,4
235.138972323,437643,154.53532548582302,537397,220.4149348433334,863199,3,2,4
236.145680841,440048,155.58490799709475,537650,221.4940368650051,867641,3,2,4
237.140184662,445093,156.74261651656496,537650,222.82064011499023,870307,3,2,4
238.144877286,447578,157.68552000039887,537650,224.64164093720584,875424,3,2,4
239.139066503,450008,158.51600122739967,537777,225.89904630024893,877981,3,2,4
240.144710908,452632,159.66120638354786,537777,227.39415734157856,880605,3,2,4
241.139585931,457788,160.83662366580623,537975,228.80192187325397,883298,3,2,4
242.140021538,460449,161.99967466535736,537975,230.2960636484518,888468,3,2,4
243.143415607,465976,163.09301933958966,538323,231.54118052710947,891590,3,2,4
244.148312407,472628,164.2479407876459,538323,232.78629740576721,897184,3,2,4
245.144844566,477380,164.97014034362908,538697,234.19743087672856,901383,3,2,4
246.148642152,477380,165.83630226394195,538697,235.44254775538622,906095,3,2,4
247.14498104,496065,167.02544166930153,539765,236.93668953058426,915263,3,2,4
248.149721868,506925,168.22274473682035,539765,238.09879810500536,925858,3,2,4
249.146108217,518987,168.95427822940886,539765,239.01188559703516,944037,3,2,4
250.148354068,518987,169.30558693535508,542529,240.67204015847238,951577,3,2,4
251.145362818,525096,170.41470987708576,546090,241.91715703712987,954923,3,2,4
252.146165201,526790,171.6133831237099,546090,243.3328991755677,961247,3,2,4
253.155104346,528550,172.7040136840285,546090,244.82277384934088,964056,3,2,4
254.147248527,529139,173.84933351301527,554680,246.34341086763325,973923,3,2,4
255.16233803,529484,174.1845007078591,554680,248.0941072725531,974268,3,2,4
256.145790142,529484,175.1227846940339,566568,249.85496928697552,986269,3,2,4
257.153486957,530625,176.01192327551252,566568,251.28558999580912,986786,3,2,4
258.15017313,530625,176.01192327551252,574500,251.6835642853979,995342,3,2,4
259.148450544,530625,176.89922209441931,574500,251.72477199438438,995342,3,2,4
260.158792383,532672,178.1332509602469,577178,252.55133851237971,996108,3,2,4
261.149367378,534977,179.15952218709032,577178,253.79793181771893,1000067,3,2,4
262.160106618,541569,180.31991333752984,577178,255.21173041182598,1005318,3,2,4
263.153558431,545876,181.32284890948839,577666,256.46877344837884,1009452,3,2,4
264.153490096,556716,182.24120165920965,577666,257.1655948960394,1019258,3,3,5
265.152519414,560351,183.41029331668682,577758,257.5262398035134,1028326,3,3,5
266.168133328,565056,184.58406996539992,577758,257.8664031744487,1030991,3,3,5
267.149259748,568715,185.73079141850158,577774,258.999838232561,1034954,3,3,5
268.153323415,570583,186.50146762890043,577774,260.50203200432827,1036654,3,3,5
269.153008369,570583,187.29569862894678,577774,261.332107811787,1038514,3,3,5
270.150206674,575093,188.21702536040343,577794,262.7432415303593,1041033,3,3,5
271.155743693,577561,188.96815403472237,577794,264.27439152267766,1045533,3,3,5
272.152647822,577561,189.18932555567744,577858,265.90214809609915,1045597,3,3,5
273.158199952,581450,190.26364924752747,577858,267.1487295025554,1047567,3,3,5
274.153357144,581450,190.63075490815217,577932,268.5598597530631,1049571,3,3,5
275.155325152,584466,191.83870270500657,577932,269.638961680973,1051014,3,3,5
276.157761425,585379,193.0743555680712,577998,271.0541418854388,1053520,3,3,5
277.160660116,587666,194.22387161028328,577998,272.3822659303494,1054563,3,3,5
278.158749718,590813,195.2658742562748,578004,273.8558467966344,1057394,3,3,5
279.16194711,592689,196.4860977684946,578004,275.042723257691,1058975,3,3,5
280.156195308,596619,197.68754519737243,578022,276.4527526023747,1062849,3,3,5
281.17045967,600683,198.59094806806104,578022,277.2822904935689,1067070,3,3,5
282.15580655,602574,199.39603090106394,578022,278.8200519733466,1068860,3,3,5
283.167469474,604683,200.52766729247682,578413,280.36474314165673,1071154,3,3,5
284.15749296,608554,201.7028781657449,578413,281.2340633645751,1075052,3,3,5
285.160906701,610498,202.9042398850781,579306,282.4771159982309,1079062,3,3,5
286.169024111,614482,203.5596961757191,579306,283.72007873492555,1081837,3,3,5
287.182187297,614482,203.5596961757191,579961,284.9610073639686,1084054,3,3,5
288.167866527,616313,204.40589271507102,579961,286.03669711680806,1084709,3,3,5
289.163764885,617649,205.41277442181308,579961,287.032791041966,1086540,3,3,5
290.163712034,618097,206.43224332498932,580518,288.69294758306137,1088881,3,3,5
291.165763775,618291,207.45721665145257,580518,289.77204898038025,1089029,3,3,5
292.167326349,618305,208.51366572818714,581084,291.18345113806134,1089641,3,3,5
293.169301706,618311,209.58922695490236,581084,292.4386568133992,1089659,3,3,5
294.167328256,618312,210.64145100581672,582297,293.7380475270303,1089661,3,3,5
295.158640576,618337,211.6663072736198,582297,294.98137830973644,1090900,3,3,5
296.170028763,618337,212.68567337767044,582297,296.530759100502,1090900,3,3,5
297.161506867,618337,213.79404554094594,583412,298.15347067725344,1092015,3,3,5
298.167564764,618337,214.89971123880272,583412,299.1931042229178,1092015,3,3,5
299.16941049,618337,215.97513674558692,584019,300.68180659502855,1092622,3,3,5
300.157486089,618349,217.0821383478153,584019,302.10294911009356,1092634,3,3,5
301.175643624,618349,218.18084332599523,584019,303.8765479605606,1092634,3,3,5
302.16304131,618354,219.18900439830512,584637,305.90907939379025,1093257,3,3,5
303.172839869,618370,220.2112024088774,584637,307.05249142019045,1093273,3,3,5
304.171058991,618386,221.2620283340481,588586,308.55108738384706,1097238,3,3,5
305.164520908,618401,222.34032678367245,588586,309.95858614677996,1097245,3,3,5
306.161117128,618406,223.44328603692045,595643,311.0038945772154,1097258,3,3,5
307.156449955,618412,224.5968980247744,595643,312.495613812486,1104321,3,3,5
308.17284714,618421,225.65844213478675,595643,313.65637557344286,1104330,3,3,5
309.162497255,618426,226.76548509910708,604476,314.7304858936911,1113168,3,3,5
310.165251541,618475,227.8914063188478,604476,315.89259390796866,1113217,3,3,5
311.163822698,619633,229.01701045635028,611309,317.05527269328985,1114416,3,3,5
312.158388425,625684,230.17714725671325,611309,318.47456087843506,1127300,3,3,5
313.177983234,628758,231.3758150213586,618766,319.5793969694855,1130374,3,3,5
314.161546154,633600,232.5581831447864,618766,321.1666384354785,1142673,3,3,5
315.166998942,635857,233.76383067094622,618766,321.8460016663332,1144930,3,3,5
316.165160379,640070,234.9872327011058,632324,323.7754607082149,1160533,3,3,5
317.165604449,644259,236.1381117361653,632324,325.13796131202434,1166890,3,3,5
318.170834997,646233,237.3641317966194,646895,326.52630332369,1183435,3,3,5
319.164137003,650500,238.60545864868297,646895,328.05684027230586,1187702,3,3,5
320.166570893,653423,239.81913500506448,654848,329.315421027247,1190625,3,3,5
321.165953988,654252,240.97017158355214,654848,330.8340904334577,1199407,3,3,5
322.170810554,654984,242.13082657736825,654848,332.14697618367063,1200139,3,3,5
323.16883398,655390,243.17417484425167,659724,333.5858072110377,1205470,3,3,5
324.168585401,656170,244.3212536510996,659724,335.1838700671413,1205931,3,3,5
325.171595165,656724,245.41745205235767,671583,336.0967737455683,1206493,3,3,5
326.168098837,656767,246.63425238862584,671583,337.4151857817144,1218395,3,3,5
327.180706563,656785,247.8164427154018,671583,338.7138478870827,1218413,3,3,5
328.167604463,656788,249.01383125702992,684070,340.25331436650754,1230903,3,3,5
329.178254975,656798,250.17591696162805,684070,342.6174902508312,1230913,3,3,5
330.165349108,656798,251.41276893231958,690379,344.042340617218,1237222,3,3,5
331.187386699,656802,252.6102003859148,690379,345.4551063968704,1237226,4,3,6
332.171627915,656803,253.77840199131472,696827,347.4311778211087,1237227,4,3,6
333.174530041,656803,254.11928940612265,696827,348.94106905513263,1243675,4,3,6
334.167737168,656803,254.67163142695063,696827,349.7791869209728,1243675,4,3,6
335.172246797,656804,255.75138678403212,709939,351.2725287997882,1256787,4,3,6
336.17350318,656804,256.8096787905045,709939,352.93112548199923,1256788,4,3,6
337.168021667,656804,257.90120598757034,715527,353.70732415031387,1256788,4,3,6
338.172665367,656804,258.95199571807075,715527,353.89488232347014,1262376,4,3,6
339.179988545,656804,259.9781106253988,715527,354.22257825823743,1262376,4,3,6
340.170938195,656810,261.0740581278158,716316,355.62210057211456,1263171,4,3,6
341.171723143,656810,262.09219270856636,716316,357.4707047613543,1263171,4,3,6
342.184958394,656810,263.19381632510067,717747,358.329091111535,1263171,4,3,6
343.166897845,656810,264.2228582552583,717747,359.73955235324854,1264602,4,3,6
344.183533581,656810,265.2477832670944,717747,360.81784953646394,1264602,4,3,6
345.172026842,656810,266.2275470451378,718463,362.2265491416598,1265318,4,3,6
346.169989421,656810,267.3195944095369,718463,363.4677640463127,1265318,4,3,6
347.169715307,656810,267.5821557861881,718720,364.8200520760564,1265575,4,3,6
348.166798152,656810,268.4152931044635,718720,365.8513784249697,1265575,4,3,6
349.169035454,656810,269.467661499032,718959,367.0910648661317,1265575,4,3,6
350.166626009,656810,270.54328377634187,718959,368.5764411245248,1265814,4,3,6
351.178235889,656810,271.64627689038434,719291,369.56831989491684,1265814,4,3,6
352.168566753,656810,272.7451615119024,719291,371.05895995882054,1266146,4,3,6
353.170211418,656810,273.8549979914725,719600,372.3040769665629,1266146,4,3,6
354.173888644,656810,274.87450402250084,719600,373.5479773956341,1266455,4,3,6
355.165839012,656810,275.96653570391874,719600,374.3780547041207,1266455,4,3,6
356.168879176,656810,277.04489164026637,720589,376.2042279247112,1267444,4,3,6
357.177514711,656810,278.14650979584155,720589,377.27964748072066,1267444,4,3,6
358.169202917,656837,279.3031762636349,721618,378.27425191928717,1267471,4,3,6
359.170419375,656846,280.39611752852045,721618,379.5193718114237,1268509,4,3,6
360.166887391,656846,281.5783711277724,721697,380.7644878889972,1268509,4,3,6
361.172525114,656846,282.7360157331854,721697,382.4227855620963,1268588,4,3,6
362.173643234,656846,283.87729872284154,721697,383.6026517981446,1268588,4,3,6
363.171075976,656846,285.02406177634776,721773,385.2944871045827,1268664,4,3,6
364.181100954,656846,286.2050426673317,721773,387.03613808384944,1268664,4,3,6
365.172602477,656849,287.33967592612794,722108,388.52737489667885,1269002,4,3,6
366.172230982,656875,288.49107913582753,722108,389.8816007817,1269028,4,3,6
367.164940879,656875,289.644653235281,722729,391.1267158466545,1269649,4,3,6
368.174420473,656875,290.6940623545929,722729,392.37183390869967,1269649,4,3,6
369.167932294,656875,290.9255769425738,722729,393.3652227740883,1269649,4,3,6
370.180037276,656875,290.93104959879537,723339,395.0560325344374,1270259,4,3,6
371.164637729,656875,291.91949311156947,723339,396.34434443145466,1270259,4,3,6
372.170558137,656875,293.03268897570354,723775,397.5837544846989,1270695,4,3,6
373.179404984,656875,294.115065517002,723775,398.82589757350803,1270695,4,3,6
374.168589022,656875,295.1681978034,724529,399.9023853688706,1271449,4,3,6
375.169686362,656876,296.24616910452903,724529,401.5601104526957,1271450,4,3,6
376.182906578,656876,297.351799901261,726138,402.79346105847935,1273059,4,3,6
377.171996593,656877,298.4533664462448,726138,403.7851168593169,1273060,4,3,6
378.178907535,656880,299.55631522954576,727502,405.2779095145035,1274427,4,3,6
379.164849718,656881,300.5853469963312,727502,406.56295717584925,1274428,4,3,6
380.168590817,656884,301.69238107777664,727927,408.17499559972686,1274431,4,3,6
381.168082384,656884,302.7638579921809,727927,409.48382307692697,1274856,4,3,6
382.169234155,656884,303.86680487021374,727927,410.8591269082284,1274856,4,3,6
383.189849466,656892,304.97644247527506,728012,412.2385395265804,1274949,4,3,6
384.168463543,656896,305.9927915635792,728012,413.3950137646669,1274953,4,3,6
385.172185192,656911,307.0901920542957,728094,415.4820251525148,1275048,4,3,6
386.177807146,656911,308.19722080325135,728094,416.2500914938368,1275048,4,3,6
387.170826531,656911,309.3508622441539,728232,417.57440534523016,1275048,4,3,6
388.182012334,656911,310.4456879887828,728232,418.65350674251675,1275177,4,3,6
389.167115793,656911,311.59115002491563,728232,420.0646381469581,1275177,4,3,6
390.169267396,656911,312.68597576954454,728423,421.1433363024539,1275317,4,3,6
391.165955507,656911,313.6343552861461,728423,422.38778064077775,1275317,4,3,6
392.168501937,656911,314.7413815067222,728615,423.63222857139397,1275411,4,3,6
393.175445208,656911,315.8908562343169,728615,424.87707425638916,1275411,4,3,6
394.168126843,656911,316.93494182740795,729140,426.1221884624326,1275411,4,3,6
395.176276382,656911,318.0036578654851,729140,426.9513798221245,1275805,4,3,6
396.170709763,656911,319.17775321511,729140,428.214757488899,1275805,4,3,6
397.17858405,656911,320.24510980356126,729969,429.4562351666118,1276115,4,3,6
398.177211643,656911,321.42339606126353,729969,430.69919729356155,1276115,4,3,6
399.16693731,656911,322.5742684479425,729969,431.44626604349764,1276115,4,3,6
400.178597857,656911,323.7196368672426,730914,432.94040735758665,1276115,4,3,6
401.16973464,656911,324.8185024609271,730914,434.1916349960044,1276115,4,3,6
402.172229486,656913,325.9789856164891,731853,435.0207546759155,1276118,4,3,6
403.169363117,656913,327.12126280506766,731853,436.6153849853814,1276118,4,3,6
404.178863823,657356,328.2176665678918,732914,437.89533987453433,1276125,4,3,6
405.17125869,657356,329.3862109148928,732914,439.25319748759176,1276565,4,3,6
406.179260997,657356,330.5329325358268,734167,440.64219745190826,1276568,4,3,6
407.166286537,657356,331.6824343876504,734167,441.72487121419385,1276568,4,3,6
408.174931283,657356,332.83467519198103,736224,443.32103886307027,1276568,4,3,6
409.170265108,657356,333.9321750884378,736224,444.83069621334914,1276569,4,3,6
410.171710594,657356,335.1706356833594,736224,446.2282959813849,1276569,4,3,6
411.183182672,657356,336.31465963014966,738902,447.7503709731633,1276595,4,3,6
412.170895761,657356,337.468269910734,738902,449.4989262743142,1276595,4,3,6
413.181174024,657356,338.65198959777706,738902,451.24591511071145,1276595,4,3,6
414.17339618,657356,339.73033589783086,741939,452.0659599575307,1276626,4,3,6
415.167680214,657361,340.8948829172765,741939,453.82537614931124,1276631,4,3,6
416.173857794,657368,342.0977562007131,741939,455.3895537874387,1276638,4,3,6
417.165357311,657375,343.2842148402714,745629,457.14094119892314,1276803,4,3,6
418.171315227,657380,344.48297969493893,745629,458.6029533362833,1276808,4,3,6
419.174931351,657381,345.66122147694955,747013,460.033812663901,1276926,4,3,6
420.167876905,657384,346.89006511721914,747013,461.43130905758113,1276929,4,3,6
421.18376111,657446,348.0476382955625,747507,462.94814953784964,1276991,4,3,6
422.168079561,657446,349.27107803560807,747507,464.6985815461172,1277071,4,3,6
423.184096392,657446,349.5326882193465,747507,465.9254496678232,1277071,4,3,6
424.172070182,657446,349.5326882193465,748146,466.7803808880706,1277666,4,3,6
425.16927868,657446,350.4267812669133,748146,468.2330176740007,1277666,4,3,6
426.188934079,657446,351.639175110147,749974,469.6553863323072,1277666,4,3,6
427.172627405,657446,352.79816454827056,749974,470.90050584518394,1279494,4,3,6
428.190646444,657449,353.9612950942961,749974,471.97973894392265,1279497,5,3,7
429.190649901,657459,355.2010663141745,757974,473.21421437513743,1287497,5,3,7
430.17648747,657459,356.3641976636283,757974,474.46415241356794,1287507,5,3,7
431.178018579,657477,357.54373103263185,767057,475.7092695067538,1296593,5,3,7
432.177982379,657477,358.751880679918,767057,476.20731545394665,1296608,5,3,7
433.196613926,657477,359.9835211771796,767057,477.79590970666834,1296608,5,3,7
434.184358553,657611,361.1272759128716,770683,479.24868903598207,1300368,5,3,7
435.184257023,657611,362.2917895916844,770683,480.33749217997814,1300368,5,3,7
436.192042576,657627,363.50144240783493,779160,482.0039582358962,1308845,5,3,7
437.18824525,657628,364.7329987483699,779160,483.25192214876535,1308862,5,3,7
438.192418052,657629,366.0028778384459,792481,484.741847470568,1308863,5,3,7
439.185632124,657633,367.18243402854176,792481,485.90396623137457,1322186,5,3,7
440.200143623,657633,368.3825521983391,792481,487.6504343949397,1322188,5,3,7
441.181350268,657653,369.60319801447855,798439,489.1354796518609,1328152,5,3,7
442.184839233,657667,370.81960645999953,798439,490.1362003525866,1328169,5,3,7
443.197061022,657678,372.10997800417414,807617,491.38225773184524,1337358,5,3,7
444.186839302,657680,373.3374226520388,807617,492.6273759210425,1337360,5,3,7
445.196768604,657682,374.6196324490119,821709,493.87637818095146,1337360,5,3,7
446.187113533,657683,374.8413934871134,821709,495.3705170094947,1351455,5,3,7
447.192394902,657683,374.8413934871134,821709,496.36715017125687,1351455,5,3,7
448.190036892,657683,374.8413934871134,833345,497.61625139230074,1363091,5,3,7
449.189533843,657683,375.7690960814637,833345,498.8613681696549,1363091,5,3,7
450.202316775,657689,377.0444796975373,838687,500.02347677115745,1368433,5,3,7
451.211554854,657698,378.2528104329741,838687,501.65182120584285,1368448,5,3,7
452.19775049,657702,379.5322873130175,846321,502.9110044149934,1376083,5,3,7
453.198701372,657789,380.75907009961077,846321,504.1618260078078,1376089,5,3,7
454.207609424,657921,381.81879871752744,860424,505.4210580135951,1376172,5,3,7
455.198124619,658098,382.97900689145195,860424,506.6724666684988,1390283,5,3,7
456.203923953,658115,384.0682921801128,860424,507.9342121023292,1390291,5,3,7
457.205347119,658126,385.217851612675,870661,508.9785656440552,1400528,5,3,7
458.203387874,658171,386.3674110452389,870661,510.6028820852214,1400554,5,3,7
459.204851443,658441,387.51965122976304,876610,512.024472083001,1400572,5,3,7
460.203335674,659235,388.6213357009348,876610,512.8801160956045,1406581,5,4,8
461.210829354,671590,389.5989257675149,876610,513.8993504685064,1406581,5,4,8
462.208931624,685807,390.62510350648586,889387,516.4559746361451,1407313,5,4,8
463.209016358,699959,391.6035114792947,889387,517.5996716267256,1420769,5,4,8
464.230310041,702232,392.54496596474485,889387,518.607134861704,1421135,5,4,8
465.21228974,703754,393.59996668948725,896263,520.468943874373,1428174,5,4,8
466.222423096,706752,394.5455319607976,896263,522.2199645996312,1428219,5,4,8
467.220732045,708283,395.60051246459864,901639,523.4260222528271,1433661,5,4,8
468.220810998,709818,396.625431102793,901639,524.7180587659345,1433951,5,4,8
469.238943761,724193,397.6462414383496,914973,525.799133365599,1448205,5,4,8
470.219083971,728696,397.82845356919483,914973,527.0783057473117,1449980,5,4,8
471.234590566,728696,397.8725565261206,931298,528.4626095930643,1452380,5,4,8
472.219513995,728696,399.0633379681746,931298,529.3960325449004,1468705,5,4,8
473.22903093,733618,400.29762053045283,931298,530.6963541637257,1470359,5,4,8
474.220842077,734412,401.1634454231065,937506,531.8822931212742,1471767,5,4,8
475.234764516,734630,401.4263667571676,937506,533.4658038277918,1478034,6,4,9
476.218750624,735073,402.4576249161022,937506,534.5760180105752,1478034,6,4,9
477.233457365,735410,403.51375394467266,941198,535.5395853870986,1481884,6,4,9
478.221255515,736219,404.57702074562854,941198,536.7813878700147,1482062,6,4,9
479.247164299,736750,405.55679908813124,950037,537.8604898810011,1491016,6,4,9
480.222823098,738236,406.6624290324088,950037,539.405433516279,1491380,6,4,9
481.225965372,739092,407.75207114751646,957975,540.6920464805803,1491631,6,4,9
482.219529288,740398,408.65611760088177,957975,542.0562787103668,1499620,6,4,9
483.227497319,740925,409.5759867635024,957975,543.293312547591,1499720,6,4,9
484.223349562,741878,410.49296606465975,965812,544.5402371116497,1507611,6,4,9
485.239355343,742623,411.6005688033538,965812,545.6273752046337,1507658,6,4,9
486.228263823,745061,412.7613812929299,973496,547.5758068973253,1507793,6,4,9
487.245983149,748937,413.9106508761678,973496,548.604235200285,1515529,6,4,9
488.224443843,751678,414.91626479537916,987628,549.8960767180565,1515559,6,4,9
489.224329932,755154,415.84547943038837,987628,550.9667000118453,1529719,6,4,9
490.226079059,759104,416.4253925249135,987628,552.4801699409662,1529719,6,4,9
491.23501107,763234,416.4253925249135,987628,553.3019077617294,1530114,6,4,9
492.227036222,763234,416.7963144802124,1001180,555.051859825282,1543666,6,4,9
493.242103482,766906,417.82069189462095,1001180,556.7987400968875,1543666,6,4,9
494.229443233,769388,418.8400903183849,1001180,558.3135253042072,1544808,6,4,9
495.236223175,775113,419.8595535338748,1005850,560.0345031678884,1549775,6,4,9
496.226534898,776474,420.8338701289,1015449,561.5353842040994,1550002,6,4,9
497.225749801,777616,421.58685339188264,1015449,562.5410814196423,1559760,6,4,9
498.234518351,778452,422.52146710954236,1015449,563.8866591402904,1559912,6,4,9
499.233705069,779154,423.4670416767748,1027909,565.3678550700623,1572372,6,4,9
500.227822448,779780,424.3811372273525,1027909,567.1391928701967,1572447,6,4,9
501.238181717,780428,425.40607557945276,1027909,568.5562095428901,1572503,6,4,9
502.234974683,782042,426.43374218297447,1035528,570.0893659702616,1580188,6,4,9
503.239802802,783188,426.6447406075089,1035528,571.2703820266987,1580324,6,4,9
504.247451548,783188,427.40867399169497,1042962,573.0408437115725,1580324,6,4,9
505.240280982,784851,428.43497108477493,1042962,574.4622221619209,1588063,6,4,9
506.231789879,790091,429.07227501025073,1042962,576.0040223664362,1588253,6,4,9
507.235562348,790091,429.07227501025073,1052221,577.430411903217,1588523,6,4,9
508.235103916,790091,429.07227501025073,1052221,579.2008796994384,1597878,6,4,9
509.236288771,790091,429.07227501025073,1052221,580.9764782340636,1597878,6,4,9
510.250662803,790091,429.07227501025073,1057663,582.1533111102174,1603320,6,4,9
511.238299348,790091,429.8875474555904,1057663,583.7185365667259,1603320,7,4,10
512.236731181,793885,431.13165482279777,1064445,584.9897577329016,1603655,7,4,10
513.252250896,798301,432.16468822736425,1064445,586.5337567082611,1610612,7,4,10
514.257952054,805413,433.25663622119436,1064445,588.0456752712893,1611246,7,4,10
515.256947714,809629,434.48944190752565,1075481,589.4440519817794,1622469,7,4,10
516.266945436,811350,435.65934105778877,1075481,590.9635258808661,1623047,7,4,10
517.255747704,813523,436.8864944749912,1085112,592.7201533886554,1623228,7,4,10
518.267924313,814332,438.0304401903289,1085112,594.1156213552218,1633018,7,4,10
519.262012097,814541,438.5354354380598,1085112,595.2769534904293,1633092,7,4,10
520.273878457,814736,438.5354354380598,1092714,596.444079733687,1633111,7,4,10
521.263660075,814736,438.5354354380598,1092714,598.197201802753,1640475,7,4,10
522.267409662,814736,438.5354354380598,1092714,599.709526461357,1640475,7,4,10
523.261713762,814736,438.5354354380598,1105404,600.528158817035,1653201,7,4,10
524.274185468,814736,438.5354354380598,1105404,601.4555340792091,1653201,7,4,10
525.270112426,814736,438.5354354380598,1113219,604.3674236291116,1661016,7,4,10
526.267004622,814736,438.5354354380598,1113219,606.3515027320179,1661016,7,4,10
527.276586658,814736,439.02091174860294,1117575,607.8179474100888,1661016,7,4,10
528.271799782,814736,439.02091174860294,1117575,609.0658609791315,1665541,7,4,10
529.278620591,814736,439.02091174860294,1117575,610.1973752484304,1665541,7,4,10
530.282293835,814736,439.02091174860294,1124177,611.3209903893011,1665541,7,4,10
531.28952533,814736,439.9649634886281,1124177,612.8956685870118,1672165,7,4,10
532.290195092,814967,440.66693975008275,1124177,614.6717656253088,1672165,7,4,10
533.287362305,815884,441.94221567454287,1134832,616.4483055124762,1682745,7,4,10
534.300459633,818079,443.0966660751911,1134832,617.345875258866,1682793,7,4,10
535.299070963,822493,444.31214493844465,1144106,618.8570856241704,1682810,7,4,10
536.308962053,847225,445.3437533297179,1144106,620.021748196758,1692856,7,4,10
537.300970812,855630,445.3997502463103,1150252,621.3615675677031,1701185,7,4,10
538.311972767,855630,445.3997502463103,1150252,622.3842317656948,1707331,7,4,10
539.296334473,855630,445.3997502463103,1150252,623.4638684495975,1711286,7,4,10
540.2970904,855630,445.3997502463103,1158963,624.4598256234377,1719997,7,4,10
541.294666445,855630,445.3997502463103,1158963,626.1078304449031,1719997,7,4,10
542.294687035,855630,445.3997502463103,1168818,627.838238341324,1719997,7,4,10
543.298718073,855630,445.3997502463103,1168818,629.5437979911858,1729852,7,4,10
544.300878359,855630,445.3997502463103,1175697,630.9045153460818,1729852,7,4,10
545.302436121,855630,445.3997502463103,1175697,632.3972143869033,1736731,7,4,10
546.312486816,855630,445.3997502463103,1180425,634.4859045711719,1736731,7,4,10
547.310977046,855630,445.3997502463103,1180425,635.8985590644292,1741459,7,4,10
548.303542405,855630,445.3997502463103,1180425,637.1623387433109,1741459,7,4,10
549.295977629,855630,445.3997502463103,1186421,638.2477378505296,1747455,7,4,10
550.300711298,855630,445.3997502463103,1186421,639.5520699849602,1747455,7,4,10
551.294258225,855630,445.3997502463103,1194874,640.9142986013795,1747455,7,4,10
552.307436279,855630,445.3997502463103,1194874,642.3168936015413,1755908,7,4,10
553.302483732,855630,445.3997502463103,1194874,643.6894223165671,1755908,7,4,10
554.315019235,855630,445.3997502463103,1198297,645.2009366535375,1759331,7,4,10
555.294862452,855630,445.3997502463103,1198297,646.7113299064929,1759331,7,4,10
556.304912068,855630,445.3997502463103,1202763,647.8418772591215,1763797,7,4,10
557.311710455,855630,445.3997502463103,1202763,649.8875208995997,1763797,7,4,10
558.312582984,855630,446.3011680320748,1205903,651.3392842206453,1763797,7,4,10
559.30205913,859793,446.8931393931788,1205903,652.7284063662069,1766937,7,4,10
560.299581766,862003,446.8931393931788,1205903,654.2495041755094,1769019,7,4,10
561.317375325,862003,446.8931393931788,1207069,656.0056652774213,1770185,7,4,10
562.304907518,862003,446.8931393931788,1207069,657.7585981020421,1770185,7,4,10
563.307861966,862003,447.80448311106414,1208632,658.9286303392611,1770185,7,4,10
564.317262359,863883,448.85109806566123,1208632,660.0929232905668,1771873,7,4,10
565.300841439,867037,449.2352386929609,1208632,661.4902665226807,1771929,7,4,10
566.30917851,867037,449.2352386929609,1218163,663.2527513967518,1781497,7,4,10
567.295139885,867037,449.2352386929609,1218163,664.4896560118239,1781497,7,4,10
568.308315454,868471,450.15910559010945,1231208,665.9464931873732,1781497,7,4,10
569.314968873,869921,451.39340433801993,1231208,667.8368306070913,1794562,7,4,10
570.302571872,871171,452.3112129633591,1231208,669.6146667367896,1794576,7,4,10
571.309996835,873214,452.3112129633591,1236752,671.3856823986276,1794705,7,4,10
572.301614823,873214,452.3112129633591,1236752,672.7949409180554,1800387,7,4,10
573.315013639,873214,452.3112129633591,1241593,674.1542114945793,1800387,7,4,10
574.314470681,873214,452.3112129633591,1241593,675.2382886514022,1805201,7,4,10
575.311782276,873214,452.3112129633591,1241593,676.978671646662,1805201,7,4,10
576.316835108,873214,452.3112129633591,1251518,678.4897927397302,1814830,7,4,10
577.315099954,873214,452.9096274738122,1251518,680.1593661297621,1814830,7,4,10
578.336015642,890458,454.21047093057183,1256147,681.4663221063165,1814830,7,4,10
579.332032463,895091,455.4078435539603,1256147,682.0472729266577,1821428,7,4,10
580.344002058,897893,456.63120385982154,1256147,683.5756592693825,1821747,7,4,10
581.327600011,898843,457.8694024659338,1260670,684.8574427868277,1822322,7,4,10
582.337558352,900392,459.14598268173245,1260670,686.6166849825803,1826813,7,4,10
583.336220909,901058,459.4197589619925,1270456,688.1397335807355,1827483,8,4,11
584.327995157,901643,459.4197589619925,1270456,689.8980387415672,1837135,8,4,11
585.338810329,901643,459.4197589619925,1271667,691.5715238590741,1837640,8,4,11
586.336479736,901643,459.4197589619925,1271667,693.4836706085168,1838851,8,4,11
587.347475094,901643,460.34972986685995,1271667,695.029121724476,1838851,8,4,11
588.343095261,901643,461.5194464750779,1276304,696.3552987848803,1843488,8,4,11
589.345781629,903080,462.05612848011026,1276304,697.8148491463492,1844353,8,4,11
590.345492617,905845,462.763545341333,1280018,699.3083580563512,1845231,8,4,11
591.341017248,908078,463.9620594095343,1280018,701.0575322135968,1848945,8,4,11
592.334954138,911521,464.9528560091176,1280631,702.8037820634428,1852054,8,4,11
593.334106907,916744,465.8725163627121,1280631,704.5486980251646,1852667,8,4,11
594.337337947,924010,465.8725163627121,1280631,705.9457874469574,1865148,8,4,11
595.343121203,935944,465.8725163627121,1281479,707.4585740218611,1871625,8,4,11
596.342886321,935944,465.8725163627121,1281479,708.8654850988844,1872473,8,4,11
597.340010197,935944,466.7199547106021,1282805,710.9479830997376,1872473,8,4,11
598.358281155,952751,466.84547812736474,1282805,712.9347165165992,1873799,8,4,11
599.340763467,952751,466.84547812736474,1284672,714.0910521528225,1879167,8,4,11
600.334696983,952751,466.84547812736474,1284672,715.8491457214973,1881034,8,4,11
