Time Elapsed (s),tb exploration,tb trajectory,human exploration,human trajectory,merged exploration,human detections,tb3 detections,total detections,merged_exploration_merged_map,with_human_knowledge
56.009042396,38614.0,2.54005813598633,5878.0,0.0,44492.0,0,0,0,11799.0,12034.98
57.008555996,38614.0,2.65107599094316,5878.0,0.0,44492.0,0,0,0,11799.0,12034.98
58.007975807,41453.0,3.91800278761445,5878.0,0.0,47330.0,0,0,0,11799.0,12034.98
59.008688141,45987.0,5.20945538548218,5878.0,0.0,51426.0,0,0,0,11799.0,12034.98
60.008852523,50775.0,6.16916345872885,5878.0,0.0,54779.0,0,0,0,25245.0,25749.9
61.010022165,50775.0,6.16916345872885,22152.0,0.0,71088.0,0,0,0,61784.0,63019.68
62.009971499,50775.0,6.70572490341082,22152.0,0.0,71088.0,0,0,0,61784.0,63019.68
63.009735759,56257.0,7.92564637164234,22152.0,0.0,74873.0,0,0,0,82445.0,84093.9
64.011207919,59593.0,9.20490705522721,22152.0,0.0,77124.0,0,0,0,94821.0,96717.42
65.011774197,64732.0,10.3269284383487,22152.0,0.0,80033.0,0,0,0,98936.0,100914.72
66.011691013,68446.0,11.7473477310426,34294.0,0.0,93707.0,0,0,0,116550.0,118881.0
67.01222462,71463.0,12.9940662825497,34294.0,0.0,94361.0,0,0,0,120243.0,122647.86
68.014639093,74210.0,14.2041490707549,52319.0,0.0,112545.0,0,0,0,141672.0,144505.44
69.014957853,77303.0,15.4970915285679,66211.0,0.0,126656.0,0,0,0,158865.0,162042.3
70.015548699,78958.0,16.7853080139132,66211.0,0.0,126889.0,0,0,0,162306.0,165552.12
71.017070906,82057.0,17.987798631655,71094.0,0.0,131935.0,0,0,0,170512.0,173922.24
72.018178605,85169.0,19.2899507916155,78551.0,0.0,140224.0,0,0,0,180745.0,184359.9
73.0184696,88053.0,20.5425095095332,78551.0,0.0,140707.0,0,0,0,182436.0,186084.72
74.021385935,93053.0,21.7736457104457,92089.0,0.0,155116.0,0,0,0,198642.0,202614.84
75.02000323,97910.0,22.1077471733465,92089.0,0.0,155687.0,0,0,0,201924.0,205962.48
76.022770182,101031.0,22.7811783125823,99567.0,0.0,163876.0,0,0,0,205586.0,209697.72
77.023137047,101031.0,23.5984616768033,99567.0,0.0,163876.0,0,0,0,216822.0,221158.44
78.023584814,107064.0,24.5489153003714,99567.0,0.0,164327.0,0,0,0,220935.0,225353.7
79.024915227,111575.0,25.5773048619701,102857.0,0.0,167958.0,0,0,0,228329.0,232895.58
80.024189492,113399.0,26.8877004952853,102857.0,0.0,168138.0,0,0,0,230582.0,235193.64
81.023992874,115938.0,28.1485391703742,114919.0,0.0,180463.0,0,0,0,245043.0,249943.86
82.025432818,118127.0,28.9091779546999,122335.0,0.0,188030.0,0,0,0,256103.0,261225.06
83.025794869,121022.0,30.1913363361593,122335.0,0.0,188232.0,0,0,0,258990.0,264169.8
84.027570916,128066.0,31.229193798429,126124.0,0.0,192537.0,0,0,0,264991.0,270290.82
85.028130413,131622.0,31.229193798429,126124.0,0.0,192857.0,0,0,0,266145.0,271467.9
86.027915866,131622.0,31.229193798429,131746.0,0.0,198671.0,0,0,0,275644.0,281156.88
87.029781951,131622.0,31.2661460181426,139164.0,0.0,205776.0,0,0,0,282787.0,288442.74
88.031470901,131622.0,31.2661460181426,139164.0,0.0,205776.0,0,0,0,298176.0,304139.52
89.033148958,131622.0,31.2661460181426,145595.0,0.0,212563.0,0,0,0,309164.0,315347.28
90.03363765,131622.0,31.2661460181426,145595.0,0.0,212563.0,0,0,0,311885.0,318122.7
91.034224747,131622.0,31.2661460181426,151785.0,0.0,218710.0,0,0,0,313357.0,319624.14
92.034379691,131622.0,31.2661460181426,151785.0,0.0,218710.0,0,0,0,323363.0,329830.26
93.034740617,131622.0,31.2661460181426,158567.0,0.0,225280.0,0,0,0,334141.0,340823.82
94.034762903,131622.0,31.2661460181426,158567.0,0.0,225280.0,0,0,0,334141.0,340823.82
95.037590057,131622.0,31.2661460181426,165648.0,0.0,232460.0,0,0,0,343505.0,350375.1
96.043568214,131622.0,31.2661460181426,165648.0,0.0,232460.0,0,0,0,348224.0,355188.48
97.041950053,131622.0,31.2661460181426,172349.0,0.0,239096.0,0,0,0,360295.0,367500.9
98.039732213,131622.0,31.2661460181426,172349.0,0.0,239096.0,0,0,0,367736.0,375090.72
99.041866087,131622.0,31.2661460181426,178838.0,0.0,245537.0,0,0,0,384159.0,391842.18
100.045978336,131622.0,31.2661460181426,184155.0,0.0,250890.0,0,0,0,395035.0,402935.7
101.045016461,131622.0,31.2661460181426,184155.0,0.0,250890.0,0,0,0,409124.0,417306.48
102.047200877,131622.0,31.2661460181426,190193.0,0.0,256922.0,0,0,0,421705.0,430139.1
103.045924724,131622.0,31.3671240661607,190193.0,0.0,256922.0,0,0,0,424849.0,433345.98
104.047778401,131622.0,32.6197104030108,201420.0,0.0,268135.0,0,0,0,441009.0,449829.18
105.04573004,142275.0,33.9244166365915,201420.0,0.0,269324.0,0,0,0,444580.0,453471.6
106.049253921,150360.0,35.1749132676643,215756.0,0.0,270690.0,0,0,0,444580.0,453471.6
107.050611718,152748.0,36.3477312672566,215756.0,0.0,285767.0,0,0,0,461083.0,470304.66
108.047637633,153077.0,36.8338556832386,223808.0,0.0,293709.0,0,0,0,463453.0,472722.06
109.047736661,153519.0,38.033269057451,223808.0,0.0,293607.0,0,0,0,474058.0,483539.16
110.048525029,154764.0,39.2695432174448,229989.0,0.0,293953.0,0,0,0,475868.0,485385.36
111.04944821,155826.0,40.5023047833499,229989.0,0.0,300186.0,0,0,0,488153.0,497916.06
112.049500582,158445.0,41.8895981960731,241634.0,0.0,312046.0,0,0,0,505910.0,516028.2
113.04860961,161657.0,43.1478918382341,241634.0,0.0,312788.0,0,0,0,510740.0,520954.8
114.050722905,165357.0,44.458330277541,254001.0,0.0,326625.0,0,0,0,526644.0,537176.88
115.05149092,167344.0,45.4953050821527,259425.0,0.0,333030.0,0,0,0,535551.0,546262.02
116.050570186,175922.0,46.7786874718651,259425.0,0.0,336197.0,0,0,0,536826.0,547562.52
117.053217431,182603.0,47.9322393228546,260550.0,0.0,340568.0,0,0,0,537925.0,548683.5
118.052694131,185246.0,49.264640508636,260550.0,0.0,341969.0,0,0,0,540333.0,551139.66
119.050578511,185910.0,50.3518678979842,260606.0,0.0,342413.0,0,0,0,542214.0,553058.28
120.050663885,187030.0,51.6916496036484,260606.0,0.0,342949.0,0,0,0,543047.0,553907.94
121.05250386,188161.0,52.8632717677366,260606.0,0.0,343449.0,0,0,0,543258.0,554123.16
122.04982012,190343.0,54.1127633190618,261217.0,0.0,344659.0,0,0,0,543805.0,554681.1
123.050996303,192329.0,54.743631484525,261217.0,0.0,345114.0,0,0,0,543805.0,554681.1
124.053681081,193663.0,55.8920337808154,262985.0,0.0,347122.0,0,0,0,546068.0,556989.36
125.051744929,196277.0,57.1423404305375,262985.0,0.0,347785.0,0,0,0,546068.0,556989.36
126.051941783,199179.0,58.4326561727287,262985.0,0.0,348539.0,0,0,0,546068.0,556989.36
127.051513058,200920.0,59.6864205898341,264109.0,0.0,350178.0,0,0,0,547521.0,558471.42
128.053458852,204253.0,60.9534259596259,264344.0,0.0,351341.0,0,0,0,547960.0,558919.2
129.052596702,208197.0,61.9896489112189,264520.0,0.0,352886.0,0,0,0,548163.0,559126.26
130.051436971,212418.0,63.0753428312788,264520.0,0.0,354254.0,0,0,0,548171.0,559134.42
131.055041741,217004.0,64.3286156952262,265115.0,0.0,356545.0,0,0,0,548486.0,559455.72
132.054843895,221534.0,65.2980680302436,266542.0,0.0,359723.0,0,0,0,549356.0,560343.12
133.055476383,225039.0,66.4944915208118,266542.0,0.0,360896.0,0,0,0,549388.0,560375.76
134.052492534,227363.0,67.5711948597389,268170.0,0.0,363133.0,0,0,0,550741.0,561755.82
135.05399769,228222.0,68.8381807447431,269675.0,0.0,363356.0,0,0,0,550741.0,561755.82
136.053847844,229940.0,70.0683076001651,269675.0,0.0,365223.0,0,0,0,552053.0,563094.06
137.053326911,233207.0,71.3121655982228,269675.0,0.0,365968.0,0,0,0,552053.0,563094.06
138.053531365,236998.0,72.6285728923791,269675.0,0.0,366835.0,0,0,0,552053.0,563094.06
139.056182961,240677.0,73.7133519034729,271382.0,0.0,369220.0,0,0,0,553684.0,564757.68
140.054714478,242335.0,74.3097703214996,271382.0,0.0,369529.0,0,0,0,553684.0,564757.68
141.052586507,245626.0,75.6180436569118,272734.0,0.0,370947.0,0,0,0,554848.0,565944.96
142.052875166,248854.0,76.8224361907055,274050.0,0.0,372165.0,0,0,0,556156.0,567279.12
143.054654124,252431.0,78.1629185891893,275149.0,0.0,372656.0,0,0,0,557321.0,568467.42
144.055264484,254610.0,79.3903311035588,275149.0,0.0,373190.0,0,0,0,557321.0,568467.42
145.057052124,258387.0,80.683354070459,280141.0,0.0,373951.0,0,0,0,562596.0,573847.92
146.055588296,262188.0,81.6656939435614,285423.0,0.0,375004.0,0,0,0,562596.0,573847.92
147.055774525,265774.0,82.9498440294245,285423.0,0.0,375258.0,0,0,0,567692.0,579045.84
148.057140082,269532.0,84.1598618307339,288606.0,0.0,376665.0,0,0,0,570812.0,582228.24
149.055819588,271245.0,85.4498332566536,288606.0,0.0,376876.0,0,0,0,570812.0,582228.24
150.060169336,274734.0,86.4581201542402,292023.0,0.0,377943.0,0,0,0,574077.0,585558.54
151.056780764,278455.0,87.5895125233271,292023.0,0.0,378448.0,0,0,0,574077.0,585558.54
152.063011099,281512.0,88.9740028511965,292023.0,0.0,378635.0,0,0,0,574077.0,585558.54
153.058714119,285528.0,90.2738191979433,292023.0,0.0,379657.0,0,0,0,574077.0,585558.54
154.057941072,288902.0,91.2393399073192,292023.0,0.0,380030.0,0,0,0,574077.0,585558.54
155.062448358,291025.0,92.5393307616314,297699.0,0.0,381050.0,0,0,0,579724.0,591318.48
156.060488663,293169.0,93.8009784867071,297699.0,0.0,381679.0,0,0,0,579724.0,591318.48
157.059971919,297795.0,95.0679283324419,300587.0,0.0,382954.0,0,0,0,579724.0,591318.48
158.060075901,301963.0,95.9546082788726,304058.0,0.0,384431.0,0,0,0,584349.0,596035.98
159.060152846,303503.0,97.237897565105,304058.0,0.0,384770.0,0,0,0,586694.0,598427.88
160.060431531,307380.0,98.5924120137594,304582.0,0.0,386000.0,0,0,0,587123.0,598865.46
161.061123281,311633.0,99.8402214054799,304582.0,0.0,386451.0,0,0,0,587123.0,598865.46
162.062715846,315787.0,100.816417997211,305168.0,0.0,386899.0,0,0,0,587977.0,599736.54
163.065716101,319902.0,102.072544979272,307316.0,0.0,387446.0,0,0,0,590520.0,602330.4
164.064592241,321892.0,103.381739080116,307316.0,0.0,387458.0,0,0,0,590520.0,602330.4
165.068036219,326716.0,104.655610084519,308518.0,0.0,387442.0,0,0,0,591581.0,603412.62
166.065096378,332234.0,105.601000803976,308518.0,0.0,387510.0,0,0,0,591582.0,603413.64
167.070435494,336131.0,106.845794674668,308518.0,0.0,388683.0,0,0,0,591635.0,603467.7
168.066288748,341423.0,108.096777865646,309585.0,0.0,389790.0,0,0,0,592832.0,604688.64
169.066424924,345063.0,109.486149322017,309585.0,0.0,390069.0,0,0,0,592832.0,604688.64
170.067920265,346313.0,110.279006457238,312518.0,0.0,390826.0,0,0,0,594153.0,606036.06
171.066962453,347643.0,111.468894734981,312518.0,0.0,390919.0,0,0,0,594115.0,605997.3
172.071466923,350312.0,112.676235387295,318429.0,0.0,392482.0,0,0,0,594716.0,606610.32
173.070403334,353324.0,113.932601805615,326098.0,0.0,394449.0,0,0,0,594581.0,606472.62
174.07147236,356027.0,115.230457485758,326098.0,0.0,394467.0,0,0,0,594581.0,606472.62
175.071139543,358758.0,116.507486536386,338501.0,0.0,400093.0,0,0,0,594658.0,606551.16
176.073967055,361615.0,117.495385921935,347765.0,0.0,400124.0,0,0,0,594681.0,606574.62
177.07229728,363356.0,118.725689940464,347765.0,0.0,407512.0,0,0,0,594787.0,606682.74
178.073356105,366399.0,119.944151002003,352464.0,0.0,413362.0,0,0,0,595200.0,607104.0
179.074317776,369247.0,121.023841567476,352464.0,0.0,415707.0,0,0,0,596052.0,607973.04
180.073005756,371179.0,122.26541689398,359212.0,0.0,424325.0,0,0,0,597983.0,609942.66
181.074369784,371616.0,123.451401016557,359212.0,0.0,424762.0,0,0,0,600808.0,612824.16
182.076393658,371653.0,123.551121456268,367932.0,0.0,433519.0,0,0,0,603527.0,615597.54
183.073396762,371660.0,124.64878783624,367932.0,0.0,433526.0,0,0,0,604415.0,616503.3
184.074954331,371665.0,125.911378344519,374810.0,0.0,440409.0,0,0,0,605672.0,617785.44
185.076623784,371681.0,127.124599797473,374810.0,0.0,440425.0,0,0,0,606105.0,618227.1
186.073905958,371685.0,128.466922505323,382541.0,0.0,448160.0,0,0,0,606313.0,618439.26
187.076512897,371685.0,129.723069446953,382541.0,0.0,448160.0,0,0,0,606346.0,618472.92
188.077245675,371685.0,131.014616356193,394825.0,0.0,460444.0,0,0,0,606847.0,618983.94
189.07539019,371685.0,132.346080568371,409251.0,0.0,474870.0,0,0,0,607044.0,619184.88
190.078250892,372182.0,133.612862440319,409251.0,0.0,474892.0,0,0,0,607072.0,619213.44
191.079833369,372248.0,134.847362557747,415034.0,0.0,480686.0,0,0,0,607171.0,619314.42
192.076435622,372299.0,136.226604193939,415034.0,0.0,480686.0,0,0,0,607219.0,619363.38
193.076745861,372347.0,137.35950097738,418955.0,0.0,484607.0,0,0,0,607277.0,619422.54
194.075625489,372382.0,138.521220078664,418955.0,0.0,484607.0,0,0,0,607277.0,619422.54
195.078671259,372661.0,139.910101390157,427481.0,0.0,493134.0,0,0,0,607372.0,619519.44
196.075023357,372697.0,141.350880566026,427481.0,0.0,493134.0,0,0,0,607374.0,619521.48
197.075734648,372756.0,142.621678545221,436951.0,0.0,502604.0,0,0,0,607510.0,619660.2
198.079949517,372805.0,143.835142091118,436951.0,0.0,502604.0,0,0,0,607512.0,619662.24
199.077180367,372833.0,145.074728435157,440612.0,0.0,506423.0,0,0,0,607903.0,620061.06
200.076667199,372889.0,146.393551552699,448197.0,0.0,514019.0,0,0,0,607923.0,620081.46
201.0784014,372950.0,147.662655836521,448197.0,0.0,514019.0,0,0,0,607923.0,620081.46
202.079454387,373017.0,148.974808910099,455282.0,0.0,520968.0,0,0,0,607960.0,620119.2
203.084661358,373079.0,150.270679995569,455282.0,0.0,520968.0,0,0,0,607960.0,620119.2
204.079909359,373145.0,151.514541408111,461022.0,0.0,526580.0,0,0,0,607968.0,620127.36
205.079775907,373224.0,152.832282012063,474582.0,0.0,526580.0,0,0,0,607968.0,620127.36
206.080795064,373683.0,154.137726101913,474582.0,0.0,540360.0,0,0,0,608002.0,620162.04
207.081010867,373782.0,155.419909442953,485310.0,0.0,551088.0,0,0,0,608039.0,620199.78
208.082413045,373877.0,156.641899648009,485310.0,0.0,551088.0,0,0,0,,
209.080583707,373925.0,157.981615387229,485310.0,0.0,551088.0,0,0,0,,
210.087610097,374038.0,159.230953600919,485310.0,0.0,551088.0,0,0,0,,
211.082787632,374131.0,160.58704353671,485310.0,0.0,551092.0,0,0,0,,
212.079712184,374237.0,161.792585736381,485310.0,0.0,551117.0,0,0,0,,
213.082073466,374350.0,163.03646905947,485310.0,0.0,551196.0,0,0,0,,
214.081119128,374455.0,164.237955089185,485310.0,0.0,551291.0,0,0,0,,
215.081038859,374877.0,165.59525050711,485310.0,0.0,551555.0,0,0,0,,
216.082416401,374941.0,166.840325168327,485310.0,0.0,551619.0,0,0,0,,
217.081007147,375063.0,168.114072975542,485310.0,0.0,551741.0,0,0,0,,
218.16617341459627,375705.0,169.120298,434279.0,0.0,510374.0,0,0,0,642251.0,668198.0
219.15233817733565,375805.0,170.423741,434621.0,0.0,510777.0,0,0,0,642758.0,668725.0
220.1032641060013,380075.0,171.640529,439790.0,0.0,516850.0,0,0,0,650401.0,676677.0
221.14180921941988,380175.0,172.944024,440135.0,0.0,517257.0,0,0,0,650912.0,677209.0
222.18525098218493,380275.0,173.96332,440481.0,0.0,517663.0,0,0,0,651424.0,677742.0
223.32823702384104,380375.0,175.339913,440827.0,0.0,518069.0,0,0,0,651935.0,678273.0
224.35256882000635,380475.0,176.619893,441173.0,0.0,518476.0,0,0,0,652447.0,678806.0
225.36993937316,380575.0,177.897919,441519.0,0.0,518883.0,0,0,0,652959.0,679339.0
226.36032533434835,380675.0,178.859629,441865.0,0.0,519290.0,0,0,0,653471.0,679871.0
227.37554009245125,380775.0,180.174256,442212.0,0.0,519697.0,0,0,0,653983.0,680404.0
228.38995964974745,380875.0,181.549159,442558.0,0.0,520104.0,0,0,0,654496.0,680938.0
229.3692385335827,382676.0,182.906312,444882.0,0.0,522836.0,0,0,0,657933.0,684513.0
230.34620230533616,382776.0,183.66296,445230.0,0.0,523244.0,0,0,0,658447.0,685048.0
231.3355937366204,382876.0,184.861709,445578.0,0.0,523653.0,0,0,0,658962.0,685584.0
232.3273975888663,382976.0,186.013482,445926.0,0.0,524062.0,0,0,0,659476.0,686119.0
233.46074433901904,383076.0,187.297864,446274.0,0.0,524471.0,0,0,0,659991.0,686655.0
234.5796544093126,383569.0,188.741092,447081.0,0.0,525419.0,0,0,0,661184.0,687896.0
235.6565396572969,383669.0,190.118152,447429.0,0.0,525829.0,0,0,0,661699.0,688432.0
236.6913025105296,383769.0,191.135655,447778.0,0.0,526239.0,0,0,0,662215.0,688968.0
237.71529741889893,384413.0,192.390145,448762.0,0.0,527395.0,0,0,0,663670.0,690482.0
238.69628949221007,384513.0,193.657159,449111.0,0.0,527805.0,0,0,0,664187.0,691020.0
239.779078962788,384613.0,194.85992,449461.0,0.0,528216.0,0,0,0,664704.0,691558.0
240.8921361618764,384713.0,196.353737,449810.0,0.0,528627.0,0,0,0,665221.0,692096.0
241.88567384859627,384813.0,197.540582,450160.0,0.0,529038.0,0,0,0,665738.0,692634.0
242.9421393318501,384913.0,198.040582,450510.0,0.0,529449.0,0,0,0,666255.0,693172.0
243.9900996916952,385603.0,199.186593,451551.0,0.0,530672.0,0,0,0,667794.0,694773.0
244.95416894470057,385703.0,200.388259,451901.0,0.0,531084.0,0,0,0,668313.0,695313.0
245.9790599271987,385996.0,201.531425,452478.0,0.0,531762.0,0,0,0,669165.0,696199.0
246.9681851580449,386823.0,202.789371,453681.0,0.0,533176.0,0,0,0,670945.0,698051.0
247.97315387599383,389123.0,204.083566,456614.0,0.0,536623.0,0,0,0,675283.0,702564.0
248.9992652732554,389869.0,205.330762,457725.0,0.0,537929.0,0,0,0,676926.0,704274.0
250.1417630900138,389969.0,205.889908,458079.0,0.0,538344.0,0,0,0,677448.0,704817.0
251.2024249331188,390069.0,206.389908,458432.0,0.0,538759.0,0,0,0,677971.0,705361.0
252.33921024629936,390169.0,206.889908,458786.0,0.0,539175.0,0,0,0,678494.0,705905.0
253.38693180860304,390269.0,207.405165,459139.0,0.0,539590.0,0,0,0,679017.0,706449.0
254.38641368576853,390369.0,207.905165,459493.0,0.0,540006.0,0,0,0,679540.0,706993.0
255.5217066783616,390469.0,208.405165,459847.0,0.0,540422.0,0,0,0,680064.0,707539.0
256.5797415458497,391189.0,208.921903,460931.0,0.0,541697.0,0,0,0,681667.0,709206.0
257.6236106388871,391900.0,209.452127,462006.0,0.0,542960.0,0,0,0,683257.0,710861.0
258.6794868251074,392000.0,209.959675,462361.0,0.0,543377.0,0,0,0,683782.0,711407.0
259.6494419966189,392834.0,210.459675,463583.0,0.0,544812.0,0,0,0,685588.0,713286.0
260.73740321338744,392934.0,210.959675,463938.0,0.0,545230.0,0,0,0,686114.0,713833.0
261.8720900504611,393034.0,211.492439,464294.0,0.0,545648.0,0,0,0,686640.0,714380.0
262.8680941816203,393134.0,211.992439,464650.0,0.0,546067.0,0,0,0,687167.0,714929.0
263.90348872657944,393234.0,212.492439,465006.0,0.0,546485.0,0,0,0,687693.0,715476.0
264.884515875358,393334.0,212.992439,465362.0,0.0,546904.0,0,0,0,688220.0,716024.0
265.8812825660699,393434.0,213.492439,465718.0,0.0,547322.0,0,0,0,688747.0,716572.0
266.90051421354644,393534.0,213.992439,466075.0,0.0,547741.0,0,0,0,689274.0,717121.0
267.8688254048864,393634.0,214.492439,466431.0,0.0,548160.0,0,0,0,689801.0,717669.0
268.867557428719,395581.0,214.992439,468978.0,0.0,551153.0,0,0,0,693567.0,721587.0
269.8796043426194,395681.0,215.492439,469336.0,0.0,551573.0,0,0,0,694096.0,722137.0
270.86426408867027,395781.0,215.992439,469694.0,0.0,551994.0,0,0,0,694626.0,722689.0
271.8396937573323,396491.0,216.492439,470776.0,0.0,553266.0,0,0,0,696227.0,724355.0
272.8068349155594,396955.0,216.992439,471567.0,0.0,554196.0,0,0,0,697396.0,725571.0
273.83878310553376,398835.0,217.492439,474042.0,0.0,557104.0,0,0,0,701056.0,729379.0
274.858573387741,398935.0,217.992439,474402.0,0.0,557527.0,0,0,0,701589.0,729933.0
275.94640678300243,399035.0,218.492439,474762.0,0.0,557951.0,0,0,0,702122.0,730488.0
277.0055406887407,399135.0,219.018855,475123.0,0.0,558374.0,0,0,0,702655.0,731042.0
278.01420950024743,399235.0,219.518855,475483.0,0.0,558798.0,0,0,0,703188.0,731597.0
279.1560505906917,399335.0,220.018855,475844.0,0.0,559222.0,0,0,0,703721.0,732151.0
280.2364244401132,399435.0,220.518855,476204.0,0.0,559646.0,0,0,0,704255.0,732707.0
281.3402550941246,399535.0,221.021303,476565.0,0.0,560070.0,0,0,0,704788.0,733261.0
282.466260687,399635.0,221.567912,476926.0,0.0,560494.0,0,0,0,705322.0,733817.0
283.4692694520157,404998.0,222.067912,483572.0,0.0,568304.0,0,0,0,715150.0,744042.0
284.4200698020131,405098.0,222.567912,483936.0,0.0,568732.0,0,0,0,715689.0,744603.0
285.5650260197283,405198.0,224.050106,484301.0,0.0,569160.0,0,0,0,716228.0,745164.0
286.55842079298253,405298.0,225.390821,484665.0,0.0,569589.0,0,0,0,716767.0,745724.0
287.6937831124399,405398.0,226.866918,485030.0,0.0,570018.0,0,0,0,717307.0,746286.0
288.751281281446,405498.0,227.912056,485395.0,0.0,570447.0,0,0,0,717846.0,746847.0
289.7511122958456,405598.0,229.125382,485760.0,0.0,570876.0,0,0,0,718386.0,747409.0
290.8957884929437,405698.0,230.66285,486125.0,0.0,571305.0,0,0,0,718926.0,747971.0
291.9934618398745,405798.0,232.246445,486490.0,0.0,571734.0,0,0,0,719466.0,748532.0
293.1221948370661,405898.0,233.177754,486856.0,0.0,572163.0,0,0,0,720007.0,749095.0
294.20684642976204,405998.0,234.353745,487221.0,0.0,572593.0,0,0,0,720547.0,749657.0
295.2840063694979,406098.0,235.670341,487587.0,0.0,573023.0,0,0,0,721088.0,750220.0
296.3569641236804,406198.0,237.076815,487953.0,0.0,573453.0,0,0,0,721629.0,750783.0
297.3464474032704,406298.0,238.280457,488319.0,0.0,573883.0,0,0,0,722170.0,751346.0
298.3989760587553,406546.0,239.567644,488863.0,0.0,574522.0,0,0,0,722975.0,752183.0
299.48367344962026,406646.0,240.628057,489229.0,0.0,574952.0,0,0,0,723516.0,752746.0
300.6178776576949,406746.0,241.933668,489595.0,0.0,575383.0,0,0,0,724058.0,753310.0
301.7309727161144,407554.0,243.272861,490814.0,0.0,576816.0,0,0,0,725861.0,755186.0
302.8339151928009,407654.0,244.430128,491181.0,0.0,577247.0,0,0,0,726404.0,755751.0
303.8565320428622,407754.0,245.672626,491548.0,0.0,577678.0,0,0,0,726947.0,756316.0
304.9176939537187,407854.0,247.004306,491916.0,0.0,578110.0,0,0,0,727490.0,756881.0
305.9957717580983,407954.0,247.504306,492283.0,0.0,578542.0,0,0,0,728033.0,757446.0
307.0863749287007,409269.0,248.717419,494117.0,0.0,580697.0,0,0,0,730746.0,760268.0
308.1990449877432,409369.0,250.079022,494486.0,0.0,581130.0,0,0,0,731291.0,760835.0
309.25573941094405,409469.0,251.394132,494854.0,0.0,581563.0,0,0,0,731836.0,761402.0
310.24557504986655,409569.0,252.717183,495223.0,0.0,581997.0,0,0,0,732381.0,761969.0
311.20262475078874,409669.0,253.913781,495591.0,0.0,582430.0,0,0,0,732926.0,762536.0
312.27253259233413,409769.0,255.317006,495960.0,0.0,582863.0,0,0,0,733471.0,763103.0
313.326728739914,410411.0,256.744813,496986.0,0.0,584068.0,0,0,0,734988.0,764682.0
314.33148370600424,410511.0,258.004719,497355.0,0.0,584502.0,0,0,0,735534.0,765250.0
315.4313718677312,411975.0,259.338669,499378.0,0.0,586880.0,0,0,0,738526.0,768362.0
316.3936991561445,412075.0,260.646277,499748.0,0.0,587315.0,0,0,0,739073.0,768932.0
317.5119352470846,412270.0,261.838356,500234.0,0.0,587886.0,0,0,0,739792.0,769680.0
318.6100280210987,412370.0,263.113699,500605.0,0.0,588322.0,0,0,0,740340.0,770250.0
319.7557094455265,412470.0,264.665938,500976.0,0.0,588758.0,0,0,0,740889.0,770821.0
320.7733368759724,413063.0,266.127239,501946.0,0.0,589898.0,0,0,0,742323.0,772313.0
321.90645180091104,413163.0,267.544306,502317.0,0.0,590334.0,0,0,0,742873.0,772885.0
322.89105380682696,414200.0,268.759004,503829.0,0.0,592110.0,0,0,0,745108.0,775210.0
323.96166096602127,416556.0,270.209147,506946.0,0.0,595774.0,0,0,0,749719.0,780008.0
325.00419941643804,416656.0,271.538064,507320.0,0.0,596214.0,0,0,0,750271.0,780582.0
326.00422459909424,416756.0,272.779972,507694.0,0.0,596653.0,0,0,0,750824.0,781157.0
327.00620546196694,416856.0,274.108486,508068.0,0.0,597092.0,0,0,0,751377.0,781733.0
328.0011636920299,416956.0,275.418123,508442.0,0.0,597532.0,0,0,0,751931.0,782309.0
328.95775172281213,417056.0,276.675942,508816.0,0.0,597972.0,0,0,0,752484.0,782884.0
330.0481979808296,417156.0,277.340438,509191.0,0.0,598412.0,0,0,0,753038.0,783461.0
331.00830802219593,417256.0,277.89657,509565.0,0.0,598852.0,0,0,0,753591.0,784036.0
332.1262408478151,417356.0,278.553725,509940.0,0.0,599292.0,0,0,0,754145.0,784612.0
333.199999561358,418153.0,279.156991,511166.0,0.0,600734.0,0,0,0,755959.0,786500.0
334.25569977777565,418253.0,279.785421,511542.0,0.0,601175.0,0,0,0,756514.0,787077.0
335.2676516104126,418353.0,280.353888,511917.0,0.0,601616.0,0,0,0,757069.0,787655.0
336.2344974049176,418453.0,280.947153,512292.0,0.0,602057.0,0,0,0,757625.0,788233.0
337.35866540361513,418553.0,281.591928,512668.0,0.0,602499.0,0,0,0,758180.0,788810.0
338.39938803897206,418653.0,282.225595,513044.0,0.0,602940.0,0,0,0,758736.0,789389.0
339.4346473222832,418753.0,282.749668,513420.0,0.0,603382.0,0,0,0,759292.0,789967.0
340.449800630482,419717.0,283.380077,514855.0,0.0,605069.0,0,0,0,761415.0,792176.0
341.43470208649893,419817.0,283.942337,515232.0,0.0,605512.0,0,0,0,761972.0,792756.0
342.4482192746788,419917.0,284.523986,515609.0,0.0,605954.0,0,0,0,762529.0,793335.0
343.4061239606699,420017.0,285.023986,515986.0,0.0,606397.0,0,0,0,763086.0,793915.0
344.40201199513376,420117.0,285.56616,516362.0,0.0,606840.0,0,0,0,763644.0,794495.0
345.51799107503723,421550.0,286.233646,518379.0,0.0,609210.0,0,0,0,766626.0,797598.0
346.4895910072801,421650.0,286.755758,518757.0,0.0,609654.0,0,0,0,767185.0,798179.0
347.57122089478395,421750.0,287.255758,519135.0,0.0,610099.0,0,0,0,767744.0,798761.0
348.6924235606937,421850.0,287.865195,519513.0,0.0,610543.0,0,0,0,768303.0,799342.0
349.7655845543519,421950.0,288.451645,519892.0,0.0,610988.0,0,0,0,768863.0,799925.0
350.84335882445004,422050.0,289.062407,520270.0,0.0,611433.0,0,0,0,769423.0,800508.0
351.8610888835121,422150.0,289.562407,520649.0,0.0,611878.0,0,0,0,769983.0,801090.0
353.00076711132635,422250.0,290.189511,521027.0,0.0,612323.0,0,0,0,770543.0,801673.0
353.95230470663665,422350.0,290.73706,521406.0,0.0,612768.0,0,0,0,771103.0,802256.0
355.09755744354874,423065.0,291.459903,522545.0,0.0,614106.0,0,0,0,772787.0,804008.0
356.19327681809415,423364.0,291.959903,523170.0,0.0,614841.0,0,0,0,773712.0,804970.0
357.3269799170872,423464.0,292.554117,523550.0,0.0,615287.0,0,0,0,774273.0,805554.0
358.30260265515795,423609.0,293.078994,523985.0,0.0,615799.0,0,0,0,774917.0,806224.0
359.3810654720174,424636.0,293.658543,525513.0,0.0,617594.0,0,0,0,777176.0,808574.0
360.4276507077606,425691.0,294.2425,527076.0,0.0,619431.0,0,0,0,779488.0,810979.0
361.4881545243069,425791.0,294.869128,527457.0,0.0,619879.0,0,0,0,780052.0,811566.0
362.4969897369692,425891.0,295.369128,527839.0,0.0,620327.0,0,0,0,780616.0,812153.0
363.5399334608706,425991.0,295.932674,528220.0,0.0,620776.0,0,0,0,781180.0,812740.0
364.6742920355093,427611.0,296.567244,530488.0,0.0,623441.0,0,0,0,784533.0,816228.0
365.8139738072405,427711.0,297.769426,530870.0,0.0,623890.0,0,0,0,785100.0,816818.0
366.9174538307993,427811.0,299.086069,531253.0,0.0,624340.0,0,0,0,785666.0,817407.0
367.8865280117234,427911.0,300.195063,531636.0,0.0,624790.0,0,0,0,786232.0,817996.0
368.87946018876033,428011.0,300.695063,532019.0,0.0,625241.0,0,0,0,786799.0,818586.0
370.0271155759508,428111.0,302.00397,532403.0,0.0,625691.0,0,0,0,787366.0,819176.0
371.0919366055746,428211.0,303.347969,532786.0,0.0,626142.0,0,0,0,787933.0,819765.0
372.1129432367573,428311.0,304.561892,533170.0,0.0,626592.0,0,0,0,788500.0,820355.0
373.11364540073794,428411.0,305.98504,533553.0,0.0,627043.0,0,0,0,789067.0,820945.0
374.20032406734646,428511.0,307.356596,533937.0,0.0,627494.0,0,0,0,789635.0,821536.0
375.3142652859774,430107.0,308.904492,536186.0,0.0,630137.0,0,0,0,792960.0,824996.0
376.3383964128435,430207.0,310.333135,536571.0,0.0,630589.0,0,0,0,793530.0,825589.0
377.3914254472558,430307.0,311.561737,536956.0,0.0,631042.0,0,0,0,794099.0,826181.0
378.5306200516167,430407.0,312.894711,537341.0,0.0,631494.0,0,0,0,794668.0,826773.0
379.672796269195,432379.0,314.491178,540064.0,0.0,634695.0,0,0,0,798696.0,830963.0
380.8057960094745,432479.0,315.807674,540451.0,0.0,635149.0,0,0,0,799268.0,831558.0
381.8074955896794,433111.0,317.006035,541502.0,0.0,636385.0,0,0,0,800823.0,833176.0
382.8008003192895,433211.0,318.377208,541889.0,0.0,636840.0,0,0,0,801396.0,833772.0
383.7903700343189,433311.0,319.822381,542277.0,0.0,637295.0,0,0,0,801968.0,834368.0
384.87349167822447,433411.0,321.159321,542664.0,0.0,637750.0,0,0,0,802541.0,834964.0
385.8778864332055,433836.0,322.315399,543459.0,0.0,638684.0,0,0,0,803716.0,836186.0
386.8690578606194,434342.0,323.545707,544355.0,0.0,639738.0,0,0,0,805042.0,837566.0
387.9989895517861,434442.0,325.149303,544743.0,0.0,640194.0,0,0,0,805616.0,838163.0
389.1115156096117,435043.0,326.532074,545760.0,0.0,641389.0,0,0,0,807120.0,839728.0
390.1899095862341,435143.0,327.867089,546149.0,0.0,641846.0,0,0,0,807694.0,840325.0
391.14060709585823,435243.0,329.019488,546537.0,0.0,642303.0,0,0,0,808269.0,840923.0
392.21975969295727,435343.0,330.325321,546926.0,0.0,642760.0,0,0,0,808844.0,841521.0
393.3162503387875,436652.0,331.744124,548835.0,0.0,645003.0,0,0,0,811667.0,844458.0
394.4331560299474,436752.0,333.260326,549225.0,0.0,645461.0,0,0,0,812244.0,845059.0
395.46697362672086,436852.0,334.550647,549615.0,0.0,645919.0,0,0,0,812820.0,845658.0
396.5400079647779,436952.0,335.905991,550005.0,0.0,646378.0,0,0,0,813397.0,846258.0
397.6478164645484,437052.0,337.362296,550395.0,0.0,646836.0,0,0,0,813974.0,846859.0
398.7105222140309,437152.0,338.70079,550785.0,0.0,647295.0,0,0,0,814552.0,847460.0
399.8114859450434,437252.0,340.207329,551176.0,0.0,647754.0,0,0,0,815129.0,848060.0
400.76856808048353,437352.0,341.424201,551567.0,0.0,648213.0,0,0,0,815707.0,848662.0
401.7893054961858,437452.0,342.73472,551957.0,0.0,648672.0,0,0,0,816285.0,849263.0
402.8148465997192,440367.0,344.007027,555902.0,0.0,653308.0,0,0,0,822118.0,855332.0
403.80389276877713,440467.0,345.422442,556294.0,0.0,653769.0,0,0,0,822699.0,855936.0
404.940944740144,440567.0,346.844178,556687.0,0.0,654231.0,0,0,0,823280.0,856541.0
406.0795223559696,440667.0,348.259015,557080.0,0.0,654692.0,0,0,0,823861.0,857145.0
407.04635086057664,440767.0,349.179004,557473.0,0.0,655154.0,0,0,0,824442.0,857749.0
408.1117996216548,440867.0,350.56333,557866.0,0.0,655616.0,0,0,0,825023.0,858354.0
409.2317533977128,440967.0,352.245805,558259.0,0.0,656079.0,0,0,0,825605.0,858959.0
410.3020207846592,441067.0,353.644996,558653.0,0.0,656541.0,0,0,0,826187.0,859565.0
411.2920585698053,441167.0,354.635425,559046.0,0.0,657003.0,0,0,0,826769.0,860170.0
412.2771314399858,441267.0,355.830757,559440.0,0.0,657466.0,0,0,0,827351.0,860776.0
413.3513521802792,441367.0,357.294548,559834.0,0.0,657929.0,0,0,0,827933.0,861381.0
414.3368513604772,442013.0,358.521011,560920.0,0.0,659206.0,0,0,0,829540.0,863053.0
415.4166234506554,442211.0,359.554724,561439.0,0.0,659815.0,0,0,0,830307.0,863851.0
416.5513312033461,442311.0,360.941168,561834.0,0.0,660279.0,0,0,0,830891.0,864459.0
417.5628334802151,442411.0,362.188481,562228.0,0.0,660743.0,0,0,0,831474.0,865066.0
418.5854945143744,442511.0,363.582971,562623.0,0.0,661207.0,0,0,0,832058.0,865673.0
419.6083629056975,443561.0,364.397668,564226.0,0.0,663091.0,0,0,0,834429.0,868140.0
420.6769389165587,443661.0,364.897668,564622.0,0.0,663556.0,0,0,0,835014.0,868749.0
421.8113298226751,444332.0,365.397668,565745.0,0.0,664875.0,0,0,0,836675.0,870477.0
422.94306185600703,444432.0,365.897668,566141.0,0.0,665341.0,0,0,0,837261.0,871086.0
424.028503005848,444532.0,366.397668,566537.0,0.0,665807.0,0,0,0,837847.0,871696.0
425.1522064090875,444632.0,366.897668,566933.0,0.0,666272.0,0,0,0,838433.0,872306.0
426.2514606269476,446383.0,367.397668,569436.0,0.0,669214.0,0,0,0,842134.0,876156.0
427.3614217522027,446483.0,367.897668,569834.0,0.0,669681.0,0,0,0,842722.0,876768.0
428.4206330218093,446583.0,368.397668,570231.0,0.0,670148.0,0,0,0,843310.0,877380.0
429.551549513764,446683.0,368.897668,570629.0,0.0,670616.0,0,0,0,843899.0,877993.0
430.6611343781146,446783.0,369.397668,571027.0,0.0,671084.0,0,0,0,844487.0,878604.0
431.6625549919426,447450.0,369.897668,572150.0,0.0,672404.0,0,0,0,846148.0,880332.0
432.76946411225777,447550.0,370.397668,572549.0,0.0,672872.0,0,0,0,846738.0,880946.0
433.7767086853007,447650.0,370.897668,572948.0,0.0,673341.0,0,0,0,847327.0,881559.0
434.8935091129399,447750.0,371.397668,573346.0,0.0,673809.0,0,0,0,847917.0,882173.0
435.9399264732683,447850.0,371.897668,573745.0,0.0,674278.0,0,0,0,848507.0,882787.0
436.928676630118,447950.0,372.397668,574145.0,0.0,674747.0,0,0,0,849097.0,883401.0
437.9720127850717,448050.0,372.897668,574544.0,0.0,675216.0,0,0,0,849688.0,884015.0
439.10235462298994,448569.0,373.397668,575481.0,0.0,676317.0,0,0,0,851073.0,885456.0
440.0965667215212,448669.0,373.897668,575880.0,0.0,676787.0,0,0,0,851664.0,886071.0
441.19357655008935,449611.0,374.397668,577361.0,0.0,678527.0,0,0,0,853855.0,888351.0
442.3163266519972,449711.0,374.897668,577762.0,0.0,678998.0,0,0,0,854447.0,888967.0
443.38490979134986,449811.0,375.397668,578162.0,0.0,679469.0,0,0,0,855039.0,889583.0
444.4228222740044,449911.0,375.897668,578563.0,0.0,679940.0,0,0,0,855632.0,890200.0
445.5045393640897,451518.0,376.397668,580903.0,0.0,682689.0,0,0,0,859092.0,893799.0
446.55702673633886,451764.0,376.897668,581492.0,0.0,683382.0,0,0,0,859964.0,894707.0
447.65212192732736,451864.0,377.397668,581894.0,0.0,683855.0,0,0,0,860558.0,895325.0
448.79162593381807,451964.0,377.897668,582296.0,0.0,684327.0,0,0,0,861153.0,895944.0
449.79925722697305,453689.0,378.397668,584793.0,0.0,687262.0,0,0,0,864846.0,899786.0
450.8335919291708,453789.0,379.714793,585197.0,0.0,687736.0,0,0,0,865442.0,900406.0
451.85914818524736,453889.0,381.044657,585600.0,0.0,688210.0,0,0,0,866039.0,901027.0
452.8841079227983,453989.0,382.309498,586004.0,0.0,688684.0,0,0,0,866636.0,901648.0
453.9573775986366,454689.0,383.650189,587182.0,0.0,690069.0,0,0,0,868379.0,903462.0
455.0025307274408,454789.0,385.02618,587587.0,0.0,690545.0,0,0,0,868977.0,904084.0
456.1388841434284,454889.0,386.380253,587991.0,0.0,691020.0,0,0,0,869575.0,904706.0
457.1717546873048,455136.0,387.613555,588586.0,0.0,691719.0,0,0,0,870454.0,905620.0
458.1238119491916,455236.0,388.805315,588990.0,0.0,692194.0,0,0,0,871053.0,906244.0
459.1240129719614,455336.0,390.126459,589395.0,0.0,692670.0,0,0,0,871651.0,906866.0
460.2277807554711,455436.0,391.502982,589800.0,0.0,693146.0,0,0,0,872250.0,907489.0
461.3066760900104,455536.0,393.061366,590205.0,0.0,693622.0,0,0,0,872849.0,908112.0
462.43253160010886,455864.0,394.421382,590906.0,0.0,694445.0,0,0,0,873885.0,909190.0
463.39651610585776,455964.0,395.73483,591311.0,0.0,694922.0,0,0,0,874485.0,909814.0
464.43943992282885,456064.0,396.975324,591717.0,0.0,695398.0,0,0,0,875085.0,910438.0
465.5839860224154,456164.0,398.463376,592122.0,0.0,695875.0,0,0,0,875685.0,911063.0
466.6080768616735,457177.0,399.738741,593714.0,0.0,697745.0,0,0,0,878038.0,913511.0
467.57168940104265,457277.0,400.944417,594120.0,0.0,698223.0,0,0,0,878639.0,914136.0
468.59589407525374,457377.0,402.2484,594527.0,0.0,698701.0,0,0,0,879241.0,914762.0
469.70817583888027,457477.0,403.597735,594934.0,0.0,699179.0,0,0,0,879842.0,915388.0
470.7015840987367,457577.0,404.567989,595340.0,0.0,699657.0,0,0,0,880444.0,916014.0
471.696148186236,459665.0,405.855017,598335.0,0.0,703176.0,0,0,0,884872.0,920621.0
472.8368507128593,459765.0,407.395788,598743.0,0.0,703656.0,0,0,0,885476.0,921249.0
473.9633132248037,459865.0,408.828022,599152.0,0.0,704136.0,0,0,0,886080.0,921878.0
474.9708645271545,459965.0,409.816413,599560.0,0.0,704616.0,0,0,0,886684.0,922506.0
475.9561635195517,460160.0,410.986755,600093.0,0.0,705242.0,0,0,0,887472.0,923326.0
476.95999569636,460260.0,412.278561,600501.0,0.0,705722.0,0,0,0,888076.0,923954.0
477.9919835660342,462270.0,413.553429,603404.0,0.0,709133.0,0,0,0,892368.0,928420.0
479.1031209289251,462370.0,414.556148,603814.0,0.0,709615.0,0,0,0,892975.0,929051.0
480.2343837482913,462470.0,415.901441,604224.0,0.0,710097.0,0,0,0,893582.0,929683.0
481.2483236083255,463920.0,417.195007,606399.0,0.0,712653.0,0,0,0,896798.0,933029.0
482.3050897372314,464031.0,418.709808,606825.0,0.0,713154.0,0,0,0,897428.0,933684.0
483.3636738333824,464131.0,419.559291,607236.0,0.0,713637.0,0,0,0,898037.0,934318.0
484.5122615377216,464231.0,420.912853,607648.0,0.0,714121.0,0,0,0,898645.0,934950.0
485.5502172871514,464331.0,422.081141,608060.0,0.0,714605.0,0,0,0,899254.0,935584.0
486.5452516307065,464431.0,423.339945,608472.0,0.0,715089.0,0,0,0,899863.0,936217.0
487.4991546725665,464531.0,424.653045,608884.0,0.0,715573.0,0,0,0,900473.0,936852.0
488.59094901045927,464631.0,426.006878,609296.0,0.0,716058.0,0,0,0,901082.0,937486.0
489.67003460906886,464731.0,427.082754,609708.0,0.0,716542.0,0,0,0,901692.0,938120.0
490.6828023791314,464831.0,428.292911,610120.0,0.0,717027.0,0,0,0,902302.0,938755.0
491.6890471298125,465884.0,429.500365,611784.0,0.0,718982.0,0,0,0,904762.0,941314.0
492.74323046285366,465984.0,430.655529,612197.0,0.0,719468.0,0,0,0,905374.0,941951.0
493.7263059843119,466084.0,431.927444,612611.0,0.0,719953.0,0,0,0,905985.0,942587.0
494.8142578813592,466184.0,433.135799,613024.0,0.0,720439.0,0,0,0,906596.0,943222.0
495.8877630899223,466284.0,433.635799,613438.0,0.0,720925.0,0,0,0,907208.0,943859.0
497.0028363027805,466384.0,434.888297,613851.0,0.0,721411.0,0,0,0,907819.0,944495.0
498.1188765121011,466484.0,436.259765,614265.0,0.0,721898.0,0,0,0,908431.0,945132.0
499.2680926886896,466584.0,437.785177,614679.0,0.0,722384.0,0,0,0,909044.0,945769.0
500.233108046991,466937.0,439.05008,615427.0,0.0,723263.0,0,0,0,910149.0,946919.0
501.2016101055754,467037.0,440.307232,615841.0,0.0,723750.0,0,0,0,910762.0,947557.0
502.3409911003815,468804.0,441.696993,618454.0,0.0,726821.0,0,0,0,914627.0,951578.0
503.34532947098944,468904.0,442.971386,618870.0,0.0,727309.0,0,0,0,915241.0,952217.0
504.3910547794985,469004.0,444.252313,619286.0,0.0,727798.0,0,0,0,915856.0,952857.0
505.3491799402637,469227.0,445.503569,619864.0,0.0,728477.0,0,0,0,916711.0,953746.0
506.3017391636572,469327.0,446.820938,620280.0,0.0,728966.0,0,0,0,917327.0,954387.0
507.291988365095,469427.0,447.898788,620696.0,0.0,729455.0,0,0,0,917942.0,955027.0
508.3237992705064,469527.0,449.054639,621112.0,0.0,729945.0,0,0,0,918557.0,955667.0
509.4497097622023,469627.0,450.608156,621529.0,0.0,730434.0,0,0,0,919173.0,956308.0
510.5353257843786,470923.0,452.130376,623529.0,0.0,732784.0,0,0,0,922131.0,959385.0
511.56082478103474,471372.0,453.471216,624408.0,0.0,733818.0,0,0,0,923432.0,960739.0
512.67129291679,471472.0,454.852843,624826.0,0.0,734309.0,0,0,0,924050.0,961382.0
513.7144477641239,471572.0,456.121873,625244.0,0.0,734800.0,0,0,0,924667.0,962024.0
514.7508293023014,472171.0,457.507711,626323.0,0.0,736069.0,0,0,0,926264.0,963685.0
515.8373918219821,472271.0,458.893316,626742.0,0.0,736560.0,0,0,0,926883.0,964329.0
516.830399664443,472371.0,460.215963,627160.0,0.0,737052.0,0,0,0,927502.0,964973.0
517.8801298599725,472471.0,461.522887,627579.0,0.0,737544.0,0,0,0,928121.0,965617.0
518.9017345091034,472571.0,462.738825,627997.0,0.0,738036.0,0,0,0,928740.0,966261.0
519.9865144241803,472671.0,464.2081,628416.0,0.0,738528.0,0,0,0,929359.0,966905.0
521.1255917699116,472771.0,464.944034,628835.0,0.0,739021.0,0,0,0,929979.0,967550.0
522.1164575366062,472871.0,465.541894,629254.0,0.0,739513.0,0,0,0,930598.0,968194.0
523.1619110321066,472971.0,466.169813,629673.0,0.0,740006.0,0,0,0,931218.0,968839.0
524.1386194922665,473887.0,466.852973,631179.0,0.0,741776.0,0,0,0,933446.0,971157.0
525.1557671543889,475523.0,467.486532,633646.0,0.0,744675.0,0,0,0,937094.0,974953.0
526.195180473349,475623.0,468.186178,634067.0,0.0,745169.0,0,0,0,937716.0,975600.0
527.2320234454311,475723.0,468.80128,634488.0,0.0,745664.0,0,0,0,938339.0,976248.0
528.2786954972916,475823.0,469.419437,634909.0,0.0,746159.0,0,0,0,938962.0,976896.0
529.344635059452,475923.0,470.074165,635331.0,0.0,746654.0,0,0,0,939585.0,977544.0
530.4031137050611,476023.0,470.769935,635752.0,0.0,747150.0,0,0,0,940208.0,978192.0
531.5025673141163,476123.0,471.411735,636174.0,0.0,747645.0,0,0,0,940831.0,978841.0
532.5320118309281,476902.0,472.042475,637503.0,0.0,749207.0,0,0,0,942797.0,980886.0
533.5125272914871,477002.0,472.542475,637925.0,0.0,749703.0,0,0,0,943422.0,981536.0
534.643800194846,477102.0,473.279798,638347.0,0.0,750200.0,0,0,0,944046.0,982185.0
535.7849990846927,477202.0,473.98042,638770.0,0.0,750696.0,0,0,0,944671.0,982836.0
536.9312739884554,480440.0,474.671129,643395.0,0.0,756131.0,0,0,0,951511.0,989952.0
538.0373816700161,480540.0,475.212354,643819.0,0.0,756630.0,0,0,0,952139.0,990605.0
539.0021165416254,480640.0,475.802665,644244.0,0.0,757130.0,0,0,0,952767.0,991259.0
540.1467756830784,480740.0,476.563715,644669.0,0.0,757629.0,0,0,0,953395.0,991912.0
541.2483392242656,480840.0,477.253611,645094.0,0.0,758128.0,0,0,0,954024.0,992567.0
542.2064859409131,480940.0,477.753611,645519.0,0.0,758628.0,0,0,0,954652.0,993220.0
543.3428488711153,481040.0,478.467406,645944.0,0.0,759127.0,0,0,0,955281.0,993874.0
544.3976510303924,481140.0,479.135142,646369.0,0.0,759627.0,0,0,0,955910.0,994529.0
545.4748014041091,481240.0,479.84921,646795.0,0.0,760127.0,0,0,0,956539.0,995183.0
546.489313970009,481340.0,480.34921,647220.0,0.0,760627.0,0,0,0,957168.0,995838.0
547.4462009672582,481704.0,480.888245,648001.0,0.0,761545.0,0,0,0,958323.0,997039.0
548.5593969009188,481804.0,481.548901,648427.0,0.0,762046.0,0,0,0,958953.0,997695.0
549.6289781886367,481904.0,482.250523,648853.0,0.0,762546.0,0,0,0,959583.0,998350.0
550.6619240146146,482004.0,482.943704,649279.0,0.0,763047.0,0,0,0,960214.0,999007.0
551.8112031357084,482104.0,483.696424,649706.0,0.0,763548.0,0,0,0,960844.0,999662.0
552.9407322464189,484086.0,484.261657,652669.0,0.0,767031.0,0,0,0,965227.0,1004222.0
553.9563964456048,484186.0,484.887828,653097.0,0.0,767534.0,0,0,0,965860.0,1004881.0
555.0515843206559,484286.0,486.28096,653525.0,0.0,768037.0,0,0,0,966492.0,1005538.0
556.0333853259718,484386.0,487.326876,653953.0,0.0,768540.0,0,0,0,967125.0,1006197.0
557.1531782241494,484486.0,488.740885,654381.0,0.0,769043.0,0,0,0,967758.0,1006855.0
558.1725511075754,484586.0,489.970711,654809.0,0.0,769546.0,0,0,0,968392.0,1007515.0
559.2833583728006,484686.0,490.470711,655237.0,0.0,770049.0,0,0,0,969025.0,1008174.0
560.3180210323641,484786.0,491.55143,655666.0,0.0,770553.0,0,0,0,969659.0,1008833.0
561.3209082926493,484886.0,492.80497,656094.0,0.0,771056.0,0,0,0,970292.0,1009492.0
562.4462812927532,484986.0,494.170342,656523.0,0.0,771560.0,0,0,0,970926.0,1010151.0
563.4643187221558,485086.0,495.504652,656952.0,0.0,772064.0,0,0,0,971560.0,1010811.0
564.5812895849618,485885.0,496.812452,658328.0,0.0,773681.0,0,0,0,973595.0,1012928.0
565.6219692749024,485985.0,498.105758,658757.0,0.0,774186.0,0,0,0,974230.0,1013589.0
566.674920094541,486085.0,499.529929,659187.0,0.0,774691.0,0,0,0,974866.0,1014251.0
567.7575781645818,486185.0,500.941724,659617.0,0.0,775196.0,0,0,0,975501.0,1014911.0
568.8590904534043,486285.0,502.37076,660046.0,0.0,775701.0,0,0,0,976137.0,1015573.0
569.8125507895757,487657.0,503.756594,662204.0,0.0,778236.0,0,0,0,979327.0,1018892.0
570.8807152635341,487757.0,504.98674,662634.0,0.0,778742.0,0,0,0,979964.0,1019555.0
571.8309920757,487857.0,506.12121,663065.0,0.0,779249.0,0,0,0,980602.0,1020218.0
572.9227148337291,487957.0,507.646452,663496.0,0.0,779755.0,0,0,0,981239.0,1020881.0
574.0009481720225,488398.0,509.182569,664391.0,0.0,780807.0,0,0,0,982563.0,1022259.0
575.1397597947416,488498.0,510.598233,664823.0,0.0,781314.0,0,0,0,983201.0,1022922.0
576.1001811054763,488598.0,511.763829,665255.0,0.0,781822.0,0,0,0,983839.0,1023586.0
577.1029938525842,488698.0,513.05963,665686.0,0.0,782329.0,0,0,0,984478.0,1024251.0
578.1135243874392,488798.0,514.319318,666118.0,0.0,782837.0,0,0,0,985116.0,1024915.0
579.0763671391943,489019.0,515.468492,666715.0,0.0,783538.0,0,0,0,985999.0,1025833.0
580.0936793802338,491005.0,516.873274,669720.0,0.0,787069.0,0,0,0,990443.0,1030457.0
581.1272708257023,491335.0,518.267688,670467.0,0.0,787948.0,0,0,0,991548.0,1031607.0
582.2020314154993,491435.0,519.729534,670901.0,0.0,788457.0,0,0,0,992189.0,1032273.0
583.2767671738694,491535.0,521.178688,671335.0,0.0,788967.0,0,0,0,992831.0,1032941.0
584.3696790928118,491635.0,522.729321,671769.0,0.0,789477.0,0,0,0,993473.0,1033609.0
585.3778531604017,491735.0,524.019477,672203.0,0.0,789987.0,0,0,0,994115.0,1034277.0
586.3490939989111,493838.0,525.174093,675376.0,0.0,793717.0,0,0,0,998808.0,1039160.0
587.3899265256666,493938.0,526.604095,675812.0,0.0,794229.0,0,0,0,999452.0,1039830.0
588.5277465972796,494038.0,527.995568,676247.0,0.0,794741.0,0,0,0,1000096.0,1040500.0
589.5261723079711,494138.0,529.353669,676683.0,0.0,795253.0,0,0,0,1000741.0,1041171.0
590.4961107239372,494238.0,530.553643,677119.0,0.0,795765.0,0,0,0,1001386.0,1041842.0
591.5342833822194,494807.0,531.818259,678198.0,0.0,797033.0,0,0,0,1002981.0,1043501.0
592.5711393442188,494974.0,533.112062,678726.0,0.0,797654.0,0,0,0,1003762.0,1044314.0
593.5504279596221,495074.0,534.360565,679163.0,0.0,798167.0,0,0,0,1004408.0,1044986.0
594.50832795158,495174.0,535.607148,679599.0,0.0,798680.0,0,0,0,1005054.0,1045658.0
595.5966891695879,495274.0,537.013944,680036.0,0.0,799193.0,0,0,0,1005700.0,1046330.0
596.6955556305612,495374.0,538.010794,680473.0,0.0,799707.0,0,0,0,1006346.0,1047002.0
597.7565399968446,495474.0,539.456878,680910.0,0.0,800221.0,0,0,0,1006992.0,1047674.0
598.7531005242129,495574.0,540.793189,681347.0,0.0,800734.0,0,0,0,1007639.0,1048348.0
599.7576404503661,495674.0,542.003984,681785.0,0.0,801248.0,0,0,0,1008286.0,1049021.0
600.8448963745807,495949.0,543.029878,682463.0,0.0,802045.0,0,0,0,1009289.0,1050064.0
